name,position,KDA,neutralMinionsKilled,turretsKilled,barracksKilled,minionsKilled,largestMultiKill,largestCriticalStrike,largestKillingSpree,goldEarned,physicalDamageDealtToChampions,magicDamageDealtPlayer,totalHeal,physicalDamageTaken,totalDamageDealtToChampions,totalDamageDealt,totalDamageTaken,neutralMinionsKilledEnemyJungle,neutralMinionsKilledTeamJungle,timeCCingOthers
가렌,A,0.6,0,1,0,104,1,274,0,6418,3893,0,140,6796,4237,50482,9240,0,0,11
갈리오,A,9,0,2,0,116,1,0,2,9533,283,7412,536,10471,8162,59266,14239,0,0,27
그레이브즈,A,0.666666667,6,1.5,0.5,130.5,0.5,194,0,6649,6952,390,1276.5,7178.5,7343,74275,10533.5,0,0,9.5
나서스,A,0,0,0,0,3,0,0,0,747,173,320,0,813,494,2724,1253,0,0,0
노틸러스,A,1.444444444,0,0,0,129,1,21,0,9891,2037,7779,0,12000,12243,62254,25876,0,0,75
니코,A,0.92,2.666666667,1.333333333,0,171,0.666666667,0,1.333333333,9739.333333,1315.666667,12834,1614.666667,12311,14210,120192.3333,20972.33333,0,0,31.66666667
다리우스,A,1.25,2,1,0,121,1,0,3.5,7285.5,5495,0,681,7298,6289.5,63756,9911.5,0,0,10.5
드레이븐,A,2.397510373,13.94930876,1.783410138,0.221198157,174.8571429,1.612903226,856.0092166,3.539170507,12643.82949,16999.46083,213.6129032,1202.428571,10969.01382,17705.16129,136395.3318,17594.8341,0,0,9.00921659
라이즈,A,19,20,0,0,174,2,0,4,10323,674,9482,1690,9634,10527,116129,13524,0,0,23
라칸,A,2.333333333,0,0,0,49,1,0,0,6137,1303,4190,2344,11402,6394,22026,16648,0,0,23
럭스,A,5.666666667,1.75,1.25,0,138.75,1,0,2.75,9609.25,676.5,13595,919.5,5394.25,15034.75,90364,8797.75,0,0,26.75
렝가,A,1.176470588,4,1,0,127,1,0,3,8299,7460,982.6666667,4403.333333,11404.33333,9031.666667,71589.33333,17067.33333,0,0,11
루시안,A,2.369839933,13.13908873,1.381294964,0.177458034,171.9040767,1.589928058,544.0767386,3.342925659,11208.2494,13799.96643,2865.570743,908.3189448,10004.64748,17209.2446,126737.7866,15596.16067,0,0,2
르블랑,A,4.8,10,2,0,159,2,0,4,13539,1186,23163,5246,16760,25176,126657,25002,0,0,17
리산드라,A,1.25,6,0,0,184.5,1,0,0,10990,1047,12618.5,3004,15448.5,13899,125916.5,26280,0,0,38
마오카이,A,3,0,0,0,89,0,0,0,4898,319,2066,1602,5012,2649,26444,8115,0,0,17
말파이트,A,0.181818182,0,0,0,52.5,0.5,0,0,3549,1305.5,3046.5,694,3259,4352.5,21369,7587.5,0,0,9
미스 포츈,A,2.402181818,10.69411765,1.384313725,0.156862745,172.3137255,1.533333333,661.145098,2.898039216,11030.00392,14437.81961,1335.835294,1071.839216,9051.062745,16550.77647,116347.749,14146.57647,0,0,7.941176471
바루스,A,2.694779116,13.02173913,1.543478261,0.195652174,189.326087,1.760869565,317.8913043,3.565217391,12462.5,13130.26087,3611.826087,1930.195652,9836.869565,17093.26087,135166.8913,15891.91304,0,0,22.7826087
베이가,A,1.130434783,0,0.4,0,121.6,1.2,0,1,6287,630.2,6087.2,114.2,5554,6761,59333,8880.2,0,0,12.2
베인,A,2.139784946,12.19298246,1.263157895,0.149122807,159.9298246,1.807017544,367.7368421,3.342105263,10961.44737,10788.32456,615.8245614,1581.561404,10130.09649,15439.10526,103436.9825,15701.90351,0,0,7.859649123
벡스,A,5.125,4,1.5,0.5,160,2,0,6,11712.5,1254,15956.5,2207.5,6700.5,17857,119284,13811.5,0,0,33.5
벨코즈,A,5.666666667,6,1,0,198.5,1.5,0,4,12941.5,676,15182,3385,8748,21233,139510.5,14492,0,0,22.5
브랜드,A,1.454545455,16,1,0,171,1,0,3,13082,693,23411,529,11587,24792,147428,25694,0,0,39
블리츠크랭크,A,1.333333333,0,0,0,22,0,0,0,3961,1379,2143,378,4309,4065,13291,10840,0,0,16
사미라,A,2.221491228,10.42763158,1.309210526,0.210526316,169.9342105,1.855263158,498.3684211,3.440789474,11171.79605,13276.60526,2110.822368,1167.401316,11186.70395,15720.20395,111413.1184,17192.625,0,0,3.276315789
사일러스,A,1.208333333,4,0,0,123.5,1.25,329.25,2.25,11102.75,709,21462.75,8226.75,20959.75,22817.75,87219.75,33922.75,0,0,25.75
세나,A,2.773722628,2.3,0.8,0.033333333,130.2,1.3,367.7,1.8,9288.3,11945.26667,63.03333333,7012.333333,7872.333333,12558.36667,65705.86667,13033.56667,0,0,18.9
세라핀,A,2.281818182,4.181818182,0.681818182,0.136363636,160.0909091,1.409090909,0,1.818181818,9233.772727,1095.545455,8761.681818,2335.363636,7640.909091,9921.590909,97809.90909,12134.27273,0,0,17.22727273
스웨인,A,3.818181818,5.34375,0.71875,0.09375,147.625,1.65625,0,3.71875,10686.75,1218.53125,15784.625,5607.09375,10401.3125,17424.28125,99750.46875,18593,0,0,34.0625
시비르,A,2.116883117,9.071428571,1.5,0.357142857,183.4285714,1,153.7857143,2.5,10634.28571,16313.57143,152.7857143,1936.642857,10218.92857,16834,137371.3571,15800.64286,0,0,1.571428571
신드라,A,2.465968586,4.210526316,1.052631579,0.131578947,173.2631579,1.289473684,0,2.5,10491.65789,1000.947368,16106.26316,1098.947368,7757.526316,17203.13158,112947.3158,12416.28947,0,0,26.47368421
아크샨,A,2.333333333,7.4,0.8,0,137.2,1.6,310.4,4.4,10199.6,10927,2304.8,982,10777,13734.8,91232.2,15953.4,0,0,1.8
아펠리오스,A,1.951624211,13.53168044,1.719008264,0.207988981,172.3829201,1.526170799,592.3305785,2.719008264,10975.51102,14868.26722,1091.49449,2102.606061,9488.435262,16383.81818,123746.4628,15148.41047,0,0,14.00137741
애니,A,4.25,7,2,1,160,3,46,4,12855,910,19744,1858,3990,20655,86750,12027,0,0,21
애니비아,A,1.761904762,0,0.333333333,0,140,1,90,0.666666667,8318,2059.333333,10733.33333,589.6666667,9607.666667,13462.66667,82166.66667,19557.33333,0,0,40
애쉬,A,2.383259912,9,1.458823529,0.2,159.3647059,1.388235294,279.7882353,2.482352941,10025.75294,11816.30588,1559.376471,995.6705882,8748.964706,13601.08235,98643.63529,13750.97647,0,0,32.92941176
야스오,A,1.968810916,14.04878049,1.329268293,0.280487805,166.9756098,1.5,663.9268293,2.780487805,11040.67073,11783.34146,1050.012195,1145.54878,10975.86585,13039.70732,129123.939,16757.95122,0,0,19.7195122
요네,A,1.612244898,9.25,1.125,0,155.875,1.125,394.25,1.875,9393.75,8485.625,2706.625,1221.625,11123.625,12814.375,117634.625,17463.5,0,0,16.75
이렐리아,A,1.931034483,10.57142857,1.142857143,0,142.2857143,1.571428571,275.1428571,3.142857143,8778.571429,6771.285714,2418.571429,1788.142857,9664.428571,9435.285714,88336,14429.28571,0,0,8.285714286
이즈리얼,A,2.290816327,11.02477477,1.295045045,0.22972973,166.9301802,1.493243243,17.66441441,2.77027027,10940.6982,13229.28604,5182.024775,1571.213964,10072.15991,19177.78378,120565.1351,16064.88063,0,0,2.781531532
자야,A,2.28166519,12.93301435,1.483253589,0.172248804,184.5837321,1.468899522,106.6937799,2.679425837,11269.15311,18006.20574,464.7751196,1154.947368,9470.08134,18861.98565,136134.7464,14877.74163,0,0,12.24401914
자크,A,4,11,0,1,121,1,25,2,9733,1196,9678,20599,15617,12421,76595,25707,0,0,41
잭스,A,2.208333333,8.2,1.8,0.6,125.6,1.2,0,1.8,9805.2,12043.8,4381.2,6041.2,14453.8,17163.4,100435.4,25268,0,0,14.4
제드,A,2.363636364,12,0,0,150,2,0,3.5,9933.5,12924.5,701.5,1358.5,8359.5,14358,95665.5,13735.5,0,0,5
제라스,A,2.160493827,2.3125,0.5,0.1875,160.5625,1.1875,0,2.25,9688.0625,470.9375,16307.1875,398.5625,6610.3125,17062.8125,106236.9375,10885,0,0,19.625
제이스,A,1.242424242,7.166666667,0.5,0,139.3333333,1.333333333,0,1.833333333,8471.5,10879.66667,1604.333333,546.1666667,7435,12858.83333,83597.5,12228,0,0,5.333333333
조이,A,2.2,10,1,0,158,1,0,2,8718,1524,10900,1118,9565,13035,106940,12059,0,0,26
직스,A,2.242819843,6.567567568,2.391891892,0.182432432,175.7972973,1.236486486,0,2.5,10683.60811,860.1486486,18485.57432,716.3986486,8008.972973,19537.31757,136484.4797,12881.99324,0,0,16.38513514
진,A,2.987039287,8.199230029,0.997112608,0.138594803,171.3512993,1.53705486,1022.085659,3.283926853,10986.66025,13373.69682,1495.735322,3161.115496,8946.696824,15147.08085,123283.794,14356.46968,0,0,18.13378248
징크스,A,2.495994507,15.76662777,1.796966161,0.254375729,178.9696616,1.656942824,543.9393232,3.278879813,11219.21704,14478.21354,1101.011669,1258.001167,9058.080513,16779.25671,133110.007,14334.05251,0,0,12.76429405
초가스,A,1.4,1,0,0,167.5,1,0,0,8724.5,625.5,11192.5,4066,9924.5,12826.5,97487.5,19058,0,0,82.5
카르마,A,2,4,1,0,179,1,0,3,11777,526,11830,1960,13458,12838,118913,21934,0,0,16
카시오페아,A,2.753846154,10.77777778,0.814814815,0.055555556,165.9814815,1.574074074,0,3.074074074,10640.57407,423.7777778,14714.35185,4356.833333,10785.09259,15208.35185,102549.3889,16466.87037,0,0,24.24074074
카이사,A,2.219178082,13.5625,1.120192308,0.139423077,175.0576923,1.504807692,460.0288462,3.168269231,11263.37981,10643.37019,3500.341346,1632.740385,9880.1875,15268.72596,121683.3413,15478.45192,0,0,1.769230769
카타리나,A,#DIV/0!,0,3,0,97,3,0,8,8140,1599,1814,922,4321,3457,46728,5034,0,0,0
칼리스타,A,2.369230769,16.52307692,1.530769231,0.3,179.9538462,1.684615385,379.2076923,3.453846154,11522.80769,13973.22308,844.0076923,1470.592308,10481.52308,15163.34615,123972.3846,16476.48462,0,0,12.25384615
케넨,A,3.2,0,2,1,144,1,0,2,10233,1659,11886,2283,7962,13545,82236,15030,0,0,17
케이틀린,A,2.3359375,11.94791667,1.69375,0.204166667,180.4229167,1.504166667,899.0875,3.133333333,11365.26042,14816.94792,1311.991667,1651.48125,8819.402083,16594.67708,134252.6688,14443.46458,0,0,13.51458333
코그모,A,2.422131148,11.97727273,1.795454545,0.295454545,171.9772727,1.522727273,358.5909091,2.795454545,11113.75,8670.363636,8864.204545,1190.159091,9912.045455,19399.20455,120456.6364,15131.61364,0,0,7.25
퀸,A,1,0,0,0,57.5,1,199,0,3635.5,5599.5,130,699,2325.5,5954,26531.5,6116.5,0,0,8.5
킨드레드,A,1.604477612,8.368421053,0.789473684,0,139.1052632,1.684210526,442.5263158,2.894736842,9504.842105,11994.68421,2958.631579,5463.842105,12138.31579,15492.47368,87967.52632,18736.31579,0,0,3.526315789
탈리야,A,0.833333333,0,0,0,115,2,0,2,7132,1005,8429,0,7705,9883,61479,10344,0,0,17
트리스타나,A,2.575418994,15.2,2.4,0.171428571,170.8857143,1.685714286,498.8857143,3.371428571,11816.28571,13266.85714,2033.171429,1482.885714,10113.22857,17068.08571,133320.7714,15484.25714,0,0,5.285714286
트린다미어,A,2.75,16,1,0,104,1,404,2,8139,8728,422,3360,11745,10146,74802,13632,0,0,4
트위스티드 페이트,A,1.6,0,0,0,106,1,141,0,7297,882,5840,594,9054,6722,62857,14290,0,0,31
트위치,A,2.629283489,11.12068966,1.793103448,0.24137931,146.0172414,1.75862069,457.6896552,3.775862069,10910.7931,13788.22414,719.3275862,1466.775862,9679.862069,17623.22414,104759.1724,15163.36207,0,0,6.603448276
파이크,A,2.5,0,1,0,65,2,0,5,18284,16511,0,6769,12469,21942,41081,29960,0,0,36
하이머딩거,A,1.720930233,3.875,1,0.125,134.875,0.875,0,1.75,8749.25,488.625,13814,875.125,6999.625,14314.625,90315.75,10900,0,0,14
가렌,J,0.285714286,69,0,0,24,0,0,0,4540,3093,0,2921,10757,3875,63312,14618,0,0,18
그라가스,J,2.992647059,109.637931,0.431034483,0.120689655,26.75862069,1.25862069,0,2.965517241,9913.672414,1052.793103,12692.86207,12200.77586,16400.05172,14496.34483,128843.7241,25603.27586,0,0,25.24137931
그레이브즈,J,2.8082397,126.8777778,1.272222222,0.161111111,50.11481481,1.575925926,462.8777778,3.718518519,11614.48333,14674.17963,804.512963,6373.812963,12701.40185,16756.87222,164548.7185,20191.91111,0,0,16.91111111
그웬,J,2.339130435,121.9591837,1.224489796,0.224489796,46.28571429,1.489795918,0,2.959183673,10708.69388,2596.510204,8390.77551,8420.265306,17850.97959,14762.7551,150178.3265,25618.22449,0,0,7.734693878
녹턴,J,2.226708075,119.3529412,0.666666667,0.098039216,28.1372549,1.333333333,70.58823529,3.098039216,10557.19608,12823.78431,1043.745098,8974.705882,16547.76471,14762.27451,141757.0784,24377.03922,0,0,167.6078431
누누와 윌럼프,J,3.856521739,105.6666667,0.740740741,0.055555556,25.94444444,1.203703704,3.888888889,2.611111111,9647.462963,998.5185185,9355.092593,14818.42593,18062.7963,11171.75926,119822.2778,27090.53704,0,0,30.98148148
니달리,J,3.473040578,122.9482759,0.995073892,0.194581281,27.83497537,1.588669951,0.692118227,4.477832512,10897.23892,1221.278325,14294.04433,12695.13054,16690.35714,16311.3867,140661.9138,24815.65271,0,0,3.310344828
다리우스,J,1.390243902,83.16666667,0.166666667,0,27.16666667,1.333333333,0.166666667,3.666666667,7774.833333,7147.666667,9,5928.833333,14120.66667,8704.666667,92163.5,20367.16667,0,0,14.66666667
다이애나,J,2.454545455,119.1265823,0.759493671,0.075949367,34.65822785,1.392405063,0,2.898734177,10746.86076,1729.240506,13465.06329,5888.556962,13640.5443,16070.64557,148054.9873,21230.82278,0,0,7.455696203
람머스,J,4.875,116.25,1,0.25,40.25,1.25,28.25,1.875,9986.125,1773,9037.625,6989.875,12468.625,11637.75,134343.5,20444.25,0,0,29.375
럼블,J,2.988505747,112.625,0.6875,0.125,32.75,1.5625,0,4.75,10773.25,882.875,17648.25,6065.1875,14353.3125,19767.8125,131127.375,21494,0,0,11.75
레넥톤,J,4.5,128,0,0,68,1,0,4,13655,18410,1184,22339,36571,21272,185312,53664,0,0,28
렉사이,J,3.055226824,114.0188679,0.971698113,0.08490566,22.28301887,1.518867925,14.19811321,4.150943396,10602.98113,10674.33962,51.64150943,9984.698113,15151.03774,13846.56604,127203.3774,22275.58491,0,0,18.33962264
렝가,J,2.504065041,110.9,1.45,0.2,29.7,1.4,119.1,3.5,11375.45,13643.9,1015.25,11291.5,19146.5,15716.6,131392.2,29045.85,0,0,11.9
리 신,J,3.124246988,108.5408039,0.922046285,0.119366626,26.62362972,1.468940317,0.007308161,3.985383678,10508.71742,11003.79415,1869.19732,7484.563946,17196.35323,13609.36419,124808.8161,26807.35445,0,0,15.56881851
리븐,J,0,60,0,0,1,0,0,0,3380,565,53,2197,5482,711,36849,8406,0,0,5
릴리아,J,3.167286245,123.2372881,0.525423729,0.06779661,41.69491525,1.491525424,0,4.06779661,10733.62712,798.4915254,11155.77966,12256.01695,17020.66102,16401.52542,152297.2034,25241.18644,0,0,20.01694915
마스터 이,J,1.512987013,104.85,0.6,0.15,28.2,1.85,342,2.6,10356.1,9519.1,316.2,6749.25,15520.45,13928.55,129603.95,23518.35,0,0,3.2
마오카이,J,0.5,61,0,0,5,0,0,0,4243,992,3098,5716,9443,4174,54012,16121,0,0,22
모르가나,J,11.2,109,1,0,30.66666667,2,0,3.666666667,10152.33333,1355.333333,12435.33333,11015.33333,13880,15005.66667,117461,19465,0,0,50
바이,J,2.574344023,115.5454545,0.96969697,0.136363636,28.16666667,1.5,87.98484848,3.757575758,10355.98485,12277.5303,176.3333333,6266.969697,14038.33333,13516.56061,132024.9545,21028.48485,0,0,23.09090909
베인,J,1.294117647,92,1,0,61,1,272,3,11725.5,9168,25,4462,13350.5,16108.5,140137,21174.5,0,0,12
볼리베어,J,2.333333333,101.7368421,0.315789474,0.105263158,19.84210526,1.315789474,2,2.368421053,9032.421053,6698,3474,7314.315789,15606.68421,11377.89474,104824.0526,23966.68421,0,0,19.52631579
비에고,J,2.667929891,112.0603865,0.929951691,0.140096618,30.78502415,1.661835749,455.7705314,3.649758454,10571.95894,11117.60628,1651.987923,10562.45169,16836.98309,13757.6256,130121.8792,25383.80193,0,0,13.99758454
뽀삐,J,2.975433526,103.4532374,0.64028777,0.086330935,24.02158273,1.273381295,4.755395683,3.014388489,9784.079137,10309.23741,1519.294964,6498.107914,14032.7482,12987.92806,113198.6259,22018.25899,0,0,29.64028777
사일러스,J,2,76,0,0,31,1,0,2,8687,1758,10098,7836,20260,12265,93243,29301,0,0,15
샤코,J,3.852272727,111.1025641,0.564102564,0.076923077,26.97435897,1.461538462,262.4358974,4.282051282,11053.74359,5825.358974,8877.179487,6156.282051,13735.4359,16642.51282,121169.641,20623.64103,0,0,27.87179487
세주아니,J,3.034482759,96.26086957,0.304347826,0,26.13043478,1.043478261,2.652173913,1.739130435,9120.173913,5060.73913,4473.565217,6459.217391,15484.91304,10498.30435,104816.6957,24731.91304,0,0,29.73913043
소라카,J,1,74,0,0,15,0,0,0,5793,105,2611,11155,11681,2757,62785,17958,0,0,19
쉬바나,J,4,124.1666667,0.666666667,0,67.66666667,1.333333333,0,3.5,11093.5,1977.5,16247.5,7248.166667,17744,19226.16667,176225.3333,27670.16667,0,0,3.833333333
스카너,J,5.2,103,0.5,0,40,1,0,3.5,9864,4352.5,3212.5,6963.5,12066.5,8662,118032,18425.5,0,0,32
신 짜오,J,2.895187871,107.0726073,1.148514851,0.132013201,28.96039604,1.511551155,28.67656766,3.547854785,10178.43894,12781.60726,1233.792079,12628.47195,18384.52145,14952.9703,123954.7591,28440.71947,0,0,18.80858086
신드라,J,4.4,125,0,0,25,1,0,3,11770,1289,20877,6717,15120,23668,140176,24352,0,0,34
쓰레쉬,J,#DIV/0!,0,0,0,3,0,0,0,787,94,137,0,99,311,1284,202,0,0,1
아무무,J,1.885245902,102.2727273,0.090909091,0.090909091,22.09090909,1.181818182,1.454545455,1.636363636,8689.363636,1624.545455,7164.818182,4974,14149.45455,10894.90909,106499.8182,22672.27273,0,0,29.18181818
아이번,J,4.322580645,98.67857143,0.785714286,0.107142857,15.28571429,1,0,1.642857143,8493.285714,1920.714286,4510.142857,4198.464286,6183.392857,7026.892857,274265.1786,10647.07143,0,0,32.75
아크샨,J,2.188405797,91.9,1.2,0.1,29.9,1.5,614.2,4.8,11316.9,14285.5,2252.7,4937.2,13890.5,19147.8,119153.6,19801.7,0,0,5.6
에코,J,3.054497702,113.1,0.960606061,0.118181818,33.16060606,1.587878788,0,4.163636364,10596.40303,1965.951515,12326.85152,9301.081818,16847.83333,15185.4,143117.5545,24640.37576,0,0,13.97575758
엘리스,J,2.842519685,88.84782609,0.913043478,0.25,22.64130435,1.52173913,0,3.989130435,10373.32609,1309.130435,12968.58696,7188.043478,12460.6413,15292.53261,100053.9674,20601.02174,0,0,20.92391304
오공,J,3.54,109.6153846,1.692307692,0.153846154,33,1.538461538,0,4.384615385,10491,11030.30769,2284.769231,7900.307692,15063.15385,14385.69231,129242.0769,22868.69231,0,0,14.23076923
올라프,J,2.554794521,126.8571429,1.035714286,0.178571429,30.46428571,1.464285714,0.5,3.607142857,10780.96429,11454.17857,131.7857143,10842.85714,18168,16242.07143,147757.4643,29044.89286,0,0,12.28571429
우디르,J,2.918918919,109.3846154,0.846153846,0,28.65384615,1.5,0.076923077,2.884615385,9357.615385,5201.346154,3646.615385,8220.423077,15317.73077,9945.153846,118143.1538,23174,0,0,21.76923077
우르곳,J,1.380952381,91.66666667,0.5,0,27.83333333,1.166666667,0,1.333333333,8279.833333,10164.5,29,4914,14450,11601,99162,22984.33333,0,0,20.16666667
워윅,J,2.235294118,119.25,0.5,0,28,1.125,132.25,3.25,11120.375,6615.125,7616.75,17140,21451.25,15674.5,131523.125,32553.75,0,0,25.25
이블린,J,2.875739645,109.2571429,0.257142857,0.057142857,18.8,1.371428571,0,4.171428571,9953.428571,544.0571429,14164.85714,7480.057143,14217.51429,15587.57143,113889.4286,21242.11429,0,0,8.257142857
자르반 4세,J,4.061674009,98.13207547,0.650943396,0.056603774,24.83962264,1.283018868,0.830188679,3.29245283,9713.415094,9636.518868,961.9056604,7784.981132,15908.51887,11368.25472,108401.5,24217.62264,0,0,18.74528302
자크,J,4.085714286,104.8083333,0.483333333,0.091666667,27.21666667,1.425,5.166666667,3.316666667,10141.85,1018.683333,11480.38333,31554.075,17757.5,13551.13333,118653.8583,29183.38333,0,0,38.80833333
잭스,J,2.928571429,95.66666667,1.666666667,0,31,1.666666667,0,3,9702.666667,8761,3070.333333,8105.333333,15404.66667,12414.66667,109442.3333,23284,0,0,14.66666667
제드,J,2.751028807,121.0879121,0.835164835,0.153846154,28.94505495,1.593406593,0,3.934065934,10979.02198,14408.78022,708.1208791,7061.351648,14722.82418,16077,137074.2418,21825.41758,0,0,6.131868132
징크스,J,1.166666667,123,0,0,36,1,1567,0,9746,14032,227,5334,23804,18082,151302,33484,0,0,10
초가스,J,2,100,1,0,12,1,18,2,9081,1667,6076,5676,12693,10047,98369,21593,0,0,51
카밀,J,0.923076923,69,0,0,26,1,0,0,10236,8314,359,10044,25679,11876,84110,37435,0,0,18
카서스,J,2.369934641,133.4272727,0.6,0.072727273,50.18181818,1.572727273,0,3.227272727,11986.65455,269.9181818,24051.24545,6445.745455,15696.06364,25638.40909,176519.3909,23471.99091,0,0,14.98181818
카직스,J,2.609311741,123.5731707,0.865853659,0.109756098,24.1097561,1.768292683,27.67073171,4.426829268,12250.84146,17799.39024,1221.658537,9653.609756,17122.14634,20439.73171,143987.2195,25230.54878,0,0,8.707317073
케인,J,2.467196819,124.5764706,0.517647059,0.070588235,31.69411765,1.611764706,7.494117647,3.8,11247.58824,14673.27059,1165.411765,11247.6,17653.43529,17017.43529,149218.4588,26294.50588,0,0,9.858823529
키아나,J,2.55625,110.7179487,0.547008547,0.076923077,28.55555556,1.504273504,4.888888889,3.871794872,10363.80342,13455.68376,1045.188034,6183.65812,14672.98291,15164.2735,134960.188,21847.24786,0,0,16.68376068
킨드레드,J,2.385016287,117.8941176,1.258823529,0.117647059,36.39215686,1.615686275,693.8627451,3.482352941,11215.5098,12213.32157,2623.345098,10080.58039,14319.78039,16851.85882,145814.3647,21527.84706,0,0,6.498039216
타릭,J,2.12,86,0.333333333,0,43.33333333,1.666666667,0,2.333333333,9751.666667,3187.333333,8554.666667,19412.33333,20851,13054.66667,98856.33333,33709.66667,0,0,35
탈론,J,2.520928712,131.6210131,0.722326454,0.056285178,35.8424015,1.478424015,477.5703565,3.808630394,11413.5122,15765.46904,39,7169.774859,17028.00563,16880.77486,156547.8537,24945.36773,0,0,4.838649156
탈리야,J,3.00522466,117.4812834,0.737967914,0.085561497,30.85026738,1.56684492,0,3.828877005,10523.22995,855.2192513,14940.04813,4922.625668,12322.69519,16988.5508,136629.7326,18943.5508,0,0,14.51871658
트런들,J,3.457943925,95.33333333,1.416666667,0.083333333,23.54166667,1.208333333,1.625,3.833333333,10105.66667,9989.708333,1685.083333,15710.29167,19472.95833,12693.95833,104469.75,29802,0,0,20.91666667
판테온,J,1.585365854,80.25,0.5,0,24.75,1.25,0,2.75,10499.25,18063,407.25,4405.25,12366.75,19256.75,94878.75,21992.5,0,0,22.5
피들스틱,J,3.794326241,123.1515152,0.696969697,0.121212121,28.36363636,1.484848485,0,3.424242424,10535.39394,186.9393939,14448.06061,12324.69697,15350.09091,15581.06061,140017.4848,22799.87879,0,0,34.75757576
헤카림,J,3.279207921,124.0816327,0.816326531,0.071428571,26.42857143,1.653061224,37.20408163,4.285714286,11012.58163,12204.33673,2245.918367,13836.38776,20081.12245,15602.17347,143289.7041,31253.46939,0,0,19.21428571
가렌,M,1.3125,9.333333333,1.166666667,0,148.1666667,1,766.5,1.5,9296.333333,8043.666667,0,1126.833333,11485.83333,10873.5,103789.3333,18958,0,0,19.16666667
갈리오,M,2.764880952,2.551219512,0.512195122,0.073170732,137.5170732,1.131707317,0.009756098,2.092682927,8978.639024,199.7463415,12202.11707,1414.97561,12025.90732,12502.22927,89912.90732,17461.30244,0,0,29.96585366
갱플랭크,M,2.214285714,10.33333333,1.666666667,0,167.3333333,1,912,2.333333333,11574.66667,11981.66667,4254.333333,5643.666667,10581.66667,19181.66667,144623.6667,19619,0,0,9.666666667
그라가스,M,2.363636364,4.846153846,0.230769231,0,125.0769231,1,0,2,7430.538462,1005.769231,8877.307692,5979.461538,10820.92308,9896.538462,75166.38462,16275.84615,0,0,29.61538462
그레이브즈,M,1.676229508,13.56818182,1.113636364,0.022727273,173.5,1.386363636,317.4772727,2.204545455,10228.97727,13436.59091,733.7045455,2023.022727,10469.22727,14664.25,129895.6818,17429.18182,0,0,12.59090909
그웬,M,1.323076923,11.57142857,0.857142857,0.095238095,158,1.380952381,27.23809524,1.571428571,9547.285714,4042.428571,6694.666667,2403.47619,13803.85714,14284.2381,103213.1905,21596.95238,0,0,4.80952381
나르,M,0.428571429,0,0,0,57,1,0,2,4945,5773,313,132,8964,6384,31198,10161,0,0,13
나서스,M,1.363636364,1.666666667,1.333333333,0.666666667,84.33333333,0.666666667,0,0.666666667,6110,2510.666667,3431,313.6666667,6536,5942.333333,54203.33333,11444,0,0,9.666666667
녹턴,M,1.8,1,0.333333333,0,122,1,0,2,8835,12218.33333,1372,3587,11782.66667,13968.66667,77584.66667,19890.33333,0,0,101
누누와 윌럼프,M,3.695652174,11.71428571,0.428571429,0,132.7142857,1.571428571,0,5.142857143,12427.28571,574.4285714,19504.85714,11233.71429,15224.28571,21662.28571,120274.1429,27106.42857,0,0,44.42857143
니코,M,2.220338983,5.083333333,0.833333333,0.208333333,159.125,1.375,0,2.625,9968.791667,1266.291667,12358.625,1386.791667,8593,14122.08333,103203.75,15575.375,0,0,29.75
다리우스,M,1.3,7.5,0.5,0,111.5,2,0,3,7844.5,7929,0,3703,17473,9429.5,72169,24150,0,0,11.5
다이애나,M,1.3125,7.583333333,0.833333333,0.166666667,124.8333333,1.083333333,0,2.25,7333.25,1590.583333,9752.583333,204.1666667,7000.25,11623.08333,79385.66667,12872.91667,0,0,4
드레이븐,M,1.785714286,15.7,1.7,0,168.4,1.5,830.1,3,11940.9,18064.8,367.4,557.8,11308.8,19395.6,139683,18738.7,0,0,10
라이즈,M,2.19005848,13.08,0.895384615,0.061538462,173.9846154,1.264615385,0,2.4,10385.58769,938.4615385,13691.16,2270.492308,11587.14154,14712.19077,132278.9108,19003.08923,0,0,21.80307692
럭스,M,2.979104478,6.873239437,0.676056338,0.098591549,181.4507042,1.267605634,0,3.112676056,11435.16901,1282.605634,17997.50704,660.3802817,6967.112676,19858.26761,130817.2394,12359.67606,0,0,36.12676056
럼블,M,2.630769231,6.8,0.233333333,0.033333333,134.4333333,1.3,0,3.7,8961,559.2333333,14779.2,1207.3,8425.166667,15848.4,89383,14726.63333,0,0,10.93333333
레넥톤,M,2.555984556,9.357142857,0.857142857,0.053571429,170,1.232142857,0.732142857,2.714285714,10623.17857,12493.125,1351.089286,6890.910714,16361.67857,14246.91071,118391.8571,28473.5,0,0,17.46428571
렐,M,2.5,0,0,0,48,1,0,0,4203,522,1897,332,3459,2748,21785,5944,0,0,15
렝가,M,1.625,18,0,0,101.5,1.5,427.5,3.5,10547.5,15824.5,1302.5,4539,15966,17683,81976,24482.5,0,0,9.5
루시안,M,1.993006993,14.64,1.4,0.08,178.84,1.56,620.96,3.64,11338,13594.24,2012.52,797.44,9473.28,16358.64,129359.52,16180.56,0,0,1.16
룰루,M,3.311111111,1.571428571,0.5,0.142857143,113.6428571,1,0,1.785714286,7583.928571,1284.071429,5843.285714,1705.071429,4944.214286,7268.5,57156,10229.21429,0,0,19.5
르블랑,M,3.07133758,5.253229974,0.700258398,0.087855297,153.0878553,1.341085271,0,3.457364341,10165.90698,1798.78553,14385.84238,3111.844961,10349.28941,16635.68734,89152.33075,17850.9199,0,0,15.5994832
리 신,M,2.395348837,12.88888889,0.777777778,0.333333333,156.7777778,1.222222222,0,2,10774.22222,11456.44444,2484.777778,3377.444444,13028.55556,14484.22222,116885.6667,23137.66667,0,0,16
리븐,M,1.797101449,7.714285714,0.571428571,0,156.0714286,1.5,0,2.785714286,9769.785714,9895.928571,163.5714286,1647.285714,11013.35714,10595.14286,97836.21429,19014.57143,0,0,16.71428571
리산드라,M,2.507331378,4.470588235,0.742647059,0.051470588,162.3676471,1.235294118,0,2.198529412,9722.102941,1443.154412,13167.66912,2562.183824,9408.058824,14780.21324,109641.375,17017.47794,0,0,35.08088235
릴리아,M,2.272727273,19,2,0,152,1.5,0,2,10489.5,599,14265.5,6262.5,8288,19107.5,124772.5,18178.5,0,0,14
마스터 이,M,0,1,0,0,20,0,0,0,2086,111,0,81,1266,111,10572,1566,0,0,0
마오카이,M,2.222222222,1.333333333,0.333333333,0,98.33333333,1.666666667,0.666666667,2.333333333,6268.333333,1794.333333,6827,3624.666667,8675,8622.333333,55116.66667,12823,0,0,33
말자하,M,2.684210526,7.75,1.178571429,0.178571429,159.5714286,1.178571429,0,1.714285714,9454.75,605,11683.5,1057.892857,6360.75,12385,108817,11432.10714,0,0,39.14285714
말파이트,M,2.428571429,2.727272727,0.909090909,0,126.9090909,1.272727273,2.272727273,3.545454545,9618.909091,2329.545455,11586.36364,1291.909091,9544.363636,14304.18182,75017.63636,15838.90909,0,0,26
모데카이저,M,0.692307692,9.5,0,0,151.5,1,0,1,8125.5,1350,7502.5,2625.5,13046,9376,86355.5,18134.5,0,0,3
모르가나,M,3.4,21,2,0,163,2,0,2,12108,735,16315,3627,6661,18149,118666,16100,0,0,42
미스 포츈,M,1.833333333,8.4,1.2,0.4,191.2,1.4,706.4,2.6,12787.8,18192.4,788.4,384.4,7847,20396.6,132287,15079.2,0,0,8
바루스,M,11,0,1,0,134,2,0,7,8734,10776,2025,0,3247,13154,77920,5250,0,0,21
바이,M,1.510638298,7.333333333,0.333333333,0,141.5,1.333333333,0,3,10098.5,12621.33333,259,2125.666667,12280.66667,13029.5,94260.33333,21704.16667,0,0,26.16666667
베이가,M,1.826086957,5.785714286,0.357142857,0,169.6428571,1.142857143,0,2.5,9837.142857,883.7142857,14680.85714,978.7142857,7558.857143,15771.14286,114165.4286,13991,0,0,19.28571429
베인,M,1.818181818,9.083333333,1.666666667,0.166666667,162.9166667,2,329.6666667,2.916666667,11008.66667,13553.5,510,1326.5,10285.16667,19513.5,109411.1667,18810.33333,0,0,6.75
벡스,M,2.563101302,4.973913043,0.713043478,0.107246377,156.1449275,1.495652174,0,3.142028986,10209.04638,1674.681159,15491.10725,2263.382609,8245.231884,17626.22029,107067.5623,14870.97391,0,0,26.35652174
벨코즈,M,5.25,16,1,0,178,1,0,3,13237,987,15957,2674,11460,24142,133586,16031,0,0,23
볼리베어,M,1.666666667,8.5,1,0,106.5,2,0,2.5,10087.5,13255,3887,6315.5,18728.5,17578,81455,27127.5,0,0,24
브랜드,M,2.071428571,2,1,0,134.3333333,1.333333333,0,2.333333333,8004,723.3333333,10851,1650.666667,5508.333333,11810,84566.33333,11350.33333,0,0,9.666666667
블라디미르,M,2.236607143,7.764705882,0.980392157,0.137254902,159.3921569,1.37254902,0,3.039215686,9879.058824,986.9019608,13593.13725,16085.90196,12420.96078,15607.11765,106698.4902,21401.88235,0,0,2.980392157
블리츠크랭크,M,1,0,0,0,42,1,0,0,3924,1234,1756,0,6420,3195,13231,8837,0,0,16
비에고,M,2.181818182,10.26086957,0.956521739,0.043478261,148.6956522,1.434782609,414.9130435,2.956521739,10354.65217,11511.78261,1536.565217,4167.73913,12098.08696,13497.69565,103756.6522,22042.3913,0,0,9.913043478
빅토르,M,2.082828283,7.520408163,0.806122449,0.071428571,172.244898,1.336734694,0,2.316326531,10440.94898,617.9693878,17493.80612,1333.204082,7843.102041,18645.93878,121124.551,14448.15306,0,0,15.92857143
뽀삐,M,1.8,0,0,0,151,1,0,2,8756,9971,1924,3049,10559,11987,88301,22151,0,0,17
사미라,M,4.375,14.5,2.5,0,149,2.5,495,7,12180,16735,2754,939,13337,19792,110034.5,17386.5,0,0,6
사이온,M,4.9,2,0.666666667,0,147,1,0,2.333333333,9742.333333,8389,4861.333333,3107.333333,13798.33333,13279.33333,103920.6667,22358.66667,0,0,44.66666667
사일러스,M,2.151581243,7.704968944,0.916149068,0.121118012,145.1273292,1.456521739,21.22670807,3.170807453,10023.30124,597.2546584,15272.99689,5467.39441,13765.63043,16126.69565,97283.19565,23427.22671,0,0,22.4378882
세라핀,M,2.148148148,0,1.166666667,0.166666667,144,0.833333333,0,0.833333333,8173.333333,931.8333333,6667,3863,6976.5,7625,80373.33333,11469.66667,0,0,15.5
세주아니,M,3.5,20,1,0,160,2,0,4,11618,10375,8527,1489,18923,20252,141218,31198,0,0,44
세트,M,1.6953125,5.3,0.95,0.15,153.95,1.45,0.4,2.05,10663.1,12207.25,149.25,3332.75,15808.7,15264.9,107074.1,28547.35,0,0,21.7
스웨인,M,1.205128205,2.142857143,0.142857143,0,109.2857143,0.857142857,0,1.857142857,7081.714286,1221.714286,8406,3171.428571,9011.142857,9829.571429,70124.71429,15466.71429,0,0,21.28571429
시비르,M,4,17,0,0,287,1,0,2,15961,22339,0,5363,7900,23483,283379,23470,0,0,6
신 짜오,M,0.636363636,0.666666667,0.333333333,0,91.33333333,1.333333333,228.3333333,2,6385.333333,9043.333333,480.3333333,2323,6291,10379.33333,51030,13743.33333,0,0,9.333333333
신드라,M,2.245348036,6.745644599,0.731707317,0.094076655,165.7770035,1.254355401,0,2.602787456,10071.01394,1232.682927,15123.91986,2002.355401,8075.38676,16516.36585,109909.4599,14617.04878,0,0,26.13240418
신지드,M,1.75,0.555555556,0.444444444,0,109.8888889,1.333333333,0,2,7506,706.1111111,9356.333333,776.3333333,10999.77778,10463.88889,68620,16951.88889,0,0,28.11111111
아리,M,2.494252874,3.472222222,0.861111111,0.055555556,169.9722222,1.166666667,0,3.027777778,10760.58333,1595.694444,12070.44444,3750.75,9219,17429.02778,112651.1667,16313.11111,0,0,18.63888889
아우렐리온 솔,M,3.222493888,8.604395604,0.725274725,0.164835165,168.8571429,1.483516484,0,3.604395604,10758.03297,1227.043956,15079.28571,3002.087912,9918.835165,17116.21978,115797.6813,17156,0,0,21.86813187
아이번,M,2.105263158,6,0.5,0,80.5,1,0,0.5,6533.25,2304,5544,332.5,7543.25,8328.75,54464.75,11138.5,0,0,26.75
아지르,M,2.1875,9.323076923,1.030769231,0.123076923,166.6307692,1.292307692,0,2.061538462,10417.56923,651.0923077,16334.89231,1028.107692,8678.384615,17693.43077,112027.4154,15713.46154,0,0,11.46153846
아칼리,M,2.18625,3.603896104,0.493506494,0.064935065,151.5649351,1.538961039,0,3.311688312,10065.32468,1094.980519,15387.06494,1787.11039,11863.38312,17075.22078,95086.19481,20466.01948,0,0,1.350649351
아크샨,M,2.450877193,7.557692308,1.125,0.144230769,161.5,1.730769231,448.2596154,4.105769231,11458.49038,14526.07692,2912.288462,474.8942308,10234.31731,18312.70192,114568.6058,16225.67308,0,0,1.115384615
아트록스,M,2.517241379,10.45454545,0.909090909,0.181818182,170.0909091,1.545454545,2.272727273,3.181818182,11065.45455,16474.72727,107.4545455,10518.90909,17733.45455,17269.72727,117004.8182,30238.36364,0,0,19.09090909
애니,M,2.536585366,3.25,0.708333333,0.208333333,150.6666667,1.166666667,16.33333333,2.666666667,9702.166667,916.625,14890.70833,782.4583333,7490.291667,16472,84027,12617.66667,0,0,18.54166667
애니비아,M,2.688888889,12.59459459,0.540540541,0.067567568,156.2432432,1.243243243,0,2.513513514,10255.02703,1093.527027,13912.91892,1742.337838,11073.09459,15477.06757,107852.4865,19221.74324,0,0,37.28378378
야스오,M,1.725291829,14.0521327,1.27014218,0.156398104,176.6208531,1.440758294,721.8246445,2.55450237,10948.7109,11971.88626,1098.962085,1481.829384,11105.47393,13806.38389,139959.6398,17898.81043,0,0,17.38862559
에코,M,2.154069767,8.112676056,0.929577465,0.126760563,161.8169014,1.422535211,0,2.957746479,10398.19718,2010.521127,12610.02817,3682.239437,11672.30986,14897.74648,120248.8873,19712.47887,0,0,12.46478873
오공,M,2.75,4.333333333,0.833333333,0.166666667,152.3333333,1.333333333,0.333333333,4.166666667,10650.33333,14512.33333,2387.333333,7081,14591.5,17470.5,89943,25906.33333,0,0,11.5
오른,M,2.8125,1.333333333,0.333333333,0,165.6666667,1.333333333,0.666666667,1.333333333,10143.66667,4847.666667,7943,2171.666667,16099.66667,12945.66667,102032.3333,28232.66667,0,0,36.66666667
오리아나,M,2.502747253,8.182926829,0.890243902,0.109756098,171.7439024,1.195121951,0,2.487804878,10169.78049,1058.097561,14392.46341,2100.634146,7438.939024,15696.56098,111669.8902,14015,0,0,19.42682927
요네,M,1.88948426,16.28571429,1.266409266,0.131274131,174.0849421,1.447876448,621.7335907,3,11208.31274,11092.52124,3216.019305,1589.11583,11425.45946,16687.6332,140822.556,19679.6834,0,0,16.28185328
우르곳,M,1.296296296,4.75,1.75,0,157,1.25,0.5,1.5,9810,12314.75,283.5,3276.5,15645,13232.75,109186.5,23687,0,0,18.5
워윅,M,1.125,16,0,0,129,1,0,2,9428,7354,10130,14708,18151,17744,97369,34394,0,0,27
이렐리아,M,1.675799087,10.33858268,1.385826772,0.149606299,191.4330709,1.480314961,254.4724409,2.842519685,11730.62992,12048.77165,4318.511811,3711.559055,15074.58268,17010.22835,138267.252,25691.95276,0,0,12.24409449
이즈리얼,M,1.309090909,10.75,0.75,0.25,147,1.375,0,1,9230.75,10822.125,3851,763.75,9369.375,15490.125,100288.875,16135.25,0,0,2.25
일라오이,M,#DIV/0!,0,0,0,81,1,0,2,4269,1459,15,540,2887,1499,36606,3328,0,0,0
자야,M,1.517241379,5.714285714,1,0.142857143,130.8571429,0.857142857,38.71428571,1.142857143,7259,8799.714286,268.5714286,240.2857143,6177.285714,9156.714286,77704.14286,8595.285714,0,0,7
자이라,M,0.230769231,1,0,0,82,0.666666667,0,0,4316.666667,563,4965.666667,358.3333333,3600.666667,5652.666667,37248.66667,6691.333333,0,0,11
자크,M,4,3,0.25,0,99.75,1.25,6,0.5,6772.75,895,6852.75,13473.5,9801.75,7833.75,53787.5,15887.5,0,0,26.5
잭스,M,2.189655172,11.23076923,1.692307692,0.153846154,131.8461538,1.461538462,0,3.307692308,9497.307692,8550.769231,3224.153846,3718.538462,11128.46154,11970.30769,94103.07692,17550.84615,0,0,12.07692308
제드,M,2.347826087,9.407142857,0.892857143,0.1,152.6285714,1.578571429,12.16428571,3.778571429,11027.74286,16268.32143,920.0571429,1540.814286,9346.142857,18286.21429,107234.2643,16298.95,0,0,5.514285714
제라스,M,4,5.333333333,0.166666667,0,168.3333333,1.416666667,0,3,10514,439.3333333,19956.83333,892.8333333,6961.833333,20915.41667,119005,11347.41667,0,0,20
제이스,M,1.62170088,10.10169492,1.169491525,0.118644068,153.3220339,1.237288136,10.62711864,2.288135593,9872.271186,13495.72881,2343.966102,1013.813559,9001.711864,16326.40678,107750.5085,14808.30508,0,0,6.559322034
조이,M,2.994061758,6.322580645,0.836021505,0.13172043,156.7634409,1.422043011,47.9327957,3.502688172,10369.95161,1888.725806,14187.75269,2675.379032,8613.392473,18349.69624,104245.9892,15188.5,0,0,26.84946237
직스,M,1.964285714,7.2,2,0.2,165.8,1,0,1.2,10415.4,786.8,19685.2,641.4,6706.6,20937.8,149359.2,12696.6,0,0,15.8
진,M,1.45,8.333333333,0.666666667,0,185.6666667,1.333333333,1097.333333,2.333333333,11554.66667,13642.66667,2046,3810.333333,9176.333333,16005.33333,147317.6667,20265.66667,0,0,24
질리언,M,3.909090909,0.25,1.25,0,128,0.75,0,0.5,7517.5,1152,6567.25,6165.75,7481.25,7726.5,85315.5,12251.75,0,0,15.5
징크스,M,1.321428571,9.333333333,0.333333333,0,182,1.333333333,424.6666667,2.333333333,11250.66667,14066.66667,429.3333333,715.3333333,13278.33333,15613.66667,120254.3333,19455,0,0,9.666666667
초가스,M,3.666666667,13.33333333,1.148148148,0.296296296,165.037037,1.296296296,0,4.259259259,11552.18519,1213.851852,13446.37037,5743.851852,13413.66667,18713,128955.7778,22029.55556,0,0,63.22222222
카르마,M,3.789473684,2.6,1,0.2,133.4,1.6,0,3.8,9113.4,2132.6,12083.6,1785.8,6861,14380.2,84831.4,11979.6,0,0,27.4
카밀,M,2.050505051,6.823529412,1.176470588,0,140.3529412,1.411764706,0.117647059,2.529411765,10008.17647,9448.176471,747.3529412,2650.117647,12872.94118,14413.11765,91132.29412,21708.35294,0,0,16.17647059
카사딘,M,2.634730539,10.45751634,0.928104575,0.130718954,163.6601307,1.594771242,0,3.562091503,10633.00654,1400.20915,14254.88889,3572.771242,12712.64706,15809.81699,108449.5817,19275.05229,0,0,14.7254902
카서스,M,1.785714286,10.8,0.2,0,171.8,1.6,0,2.2,10858.8,432.2,22760.6,1071.4,8916.6,23603,126229.8,19324.6,0,0,19.6
카시오페아,M,1.956284153,13,0.638888889,0.027777778,165.9166667,1.527777778,0,2.527777778,10002.16667,468.0277778,14659.66667,4010.111111,10619.55556,15247.66667,106115.3333,16947.75,0,0,18.94444444
카직스,M,1.75,4,2,0,151,1,0,4,9500,9250,738,3071,10060,10391,88487,17453,0,0,4
카타리나,M,2.572836802,3.294117647,0.776470588,0.135294118,144.5058824,1.935294118,0,4.388235294,10815.51176,1634.464706,14714.03529,1924.241176,10234.32353,17204.31176,102004.8235,17951.41176,0,0,0.752941176
칼리스타,M,2.555555556,22,2.5,0,154.5,1,346,2,10774,9800,902,1278.5,8617.5,10746,108392.5,13447,0,0,6.5
케넨,M,1.590551181,2.222222222,0.555555556,0.074074074,139.7407407,1.074074074,0,1.518518519,8182.111111,1600.37037,9835.851852,866.8518519,7866.111111,11787.40741,73418.88889,13755.2963,0,0,13.51851852
케이틀린,M,1.526315789,10.33333333,0.666666667,0,148.6666667,1,637,0.666666667,8725,10532.66667,1508.333333,1751.666667,5773.333333,12095.66667,105678.3333,18146,0,0,7
케일,M,1.75,8,2,0,268,1,0,0,11972,4531,13805,6854,10184,18997,195731,25999,0,0,5
코르키,M,1.90625,15.6875,1.25,0,173.5,1.625,153.1875,3.25,11497.0625,2510.8125,15335.3125,2063.3125,10089.6875,18735.125,133000.75,16433.375,0,0,2
퀸,M,1.333333333,11,0.777777778,0,139.5555556,1.111111111,447.7777778,1.333333333,8624.555556,10841.22222,681.8888889,823.3333333,9998.444444,12043.77778,88716.55556,14735.55556,0,0,18.66666667
클레드,M,3.37037037,4.666666667,1.166666667,0.166666667,137.1666667,1.333333333,0,2.5,10413.83333,12450,26.5,3122.5,15444.66667,13390.83333,89420.83333,26736.5,0,0,8
키아나,M,2.431910569,9.952941176,0.982352941,0.158823529,141.1411765,1.647058824,0,3.911764706,10856.12941,16662.84706,1423.2,782.2411765,9967.241176,18936.28235,107452.1176,17364.6,0,0,16.12352941
타릭,M,#DIV/0!,0,0,0,0,0,0,0,671,0,0,0,0,0,0,0,0,0,0
탈론,M,2.355614973,13.46753247,0.649350649,0.116883117,147.3636364,1.337662338,455.974026,3.415584416,10032.75325,13973.68831,58.75324675,2199.779221,10190.46753,14913.02597,106602.3896,16982.51948,0,0,3.051948052
탈리야,M,2.555555556,11.28571429,0.428571429,0.285714286,131,1.428571429,0,3.142857143,9279.571429,973.4285714,11538.28571,777.4285714,7975.714286,13230.42857,87754.85714,13578.14286,0,0,10.71428571
트리스타나,M,2,16.6,2.4,0.2,197.3,1.2,548.8,3.1,13508.4,16581,3630.6,2140.3,10641.3,22023.7,177188.7,22030.4,0,0,5.9
트린다미어,M,2.738372093,16.85294118,1.970588235,0.235294118,167.7647059,1.911764706,719.5,4.294117647,12252.20588,16904.88235,567.5294118,9234.735294,18494.73529,17956.08824,141174.4706,27916.32353,0,0,10.38235294
트위스티드 페이트,M,2.572883514,4.487012987,0.961038961,0.103896104,153.6818182,1.211038961,124.0779221,2.133116883,10235.44805,1666.318182,10967.84091,2567.99026,9489.688312,12914.50649,104260.6558,16349.50325,0,0,34.71428571
트위치,M,2,5,0,0,135,1,364,2,6397,8051,0,926,5182,9866,68313,9675,0,0,4
티모,M,1.109090909,10,0.875,0,144.75,1.375,0,1.25,9516.75,2603.125,12967.625,470.25,8563.125,17878.5,99557.625,17118.5,0,0,25.75
파이크,M,3.333333333,2.541666667,0.541666667,0.125,76.91666667,2,32.875,5.125,12771.875,10499.29167,102.125,3364.916667,8912.583333,13845.83333,38769.375,16912.08333,0,0,19.25
판테온,M,1.888888889,4.529411765,0.705882353,0.117647059,133.7647059,1.529411765,0,3.058823529,10142.11765,15171.47059,598.7647059,3023,12371.94118,16457.41176,96970.29412,20408,0,0,19.52941176
피들스틱,M,2.5,10.5,0,0,109.5,1,0,2,9192,368.5,13843,4568.5,9806,14516,76369,16077,0,0,36.5
피오라,M,1.789473684,13.33333333,2,1,204,1.333333333,567.6666667,2,12703.33333,11224.33333,643.3333333,6262.333333,15350.33333,17451.33333,149699.3333,27347,0,0,7.666666667
피즈,M,2.623809524,4.955555556,0.933333333,0.111111111,137.9777778,1.488888889,0,3.577777778,9849.133333,2481.711111,10954.86667,642.1333333,9920.244444,14256.86667,84373.02222,16108.51111,0,0,10.33333333
하이머딩거,M,2.054545455,7.25,1,0.15,159.1,1.2,0,1.8,10493.35,955.7,19024.3,1189.25,8237.85,20684.4,115975.05,14876.7,0,0,16.8
갈리오,S,2.425742574,0.577464789,0.098591549,0.084507042,34.66197183,0.873239437,0.281690141,0.647887324,6728.830986,247.2253521,6668.619718,775.971831,11174.32394,7541.15493,28979.15493,15496.94366,0,0,30.66197183
갱플랭크,S,0.125,0,0,0,100,1,278,0,5794,5673,692,2219,8279,7739,56933,12763,0,0,3
그라가스,S,2.092184369,1.220779221,0.181818182,0.064935065,31.90909091,1.077922078,0.025974026,1.181818182,7387.220779,1111.194805,8173.727273,5656.792208,12259.61039,10007.90909,29507.96104,20154.18182,0,0,38.11688312
그레이브즈,S,#DIV/0!,0,0,0,12,0,0,0,922,1093,44,43,852,1138,4068,852,0,0,0
그웬,S,7,0,0,0,79,1,0,3,5369,2194,1624,502,4679,5318,28002,6088,0,0,2
나미,S,3.603463993,0.156779661,0.36440678,0.076271186,11.08474576,0.940677966,0,1.033898305,7386.826271,1028.478814,5457.394068,7466.415254,6845.724576,7149.75,13912.59322,11275.49576,0,0,22.00847458
노틸러스,S,2.34175217,0.540540541,0.148648649,0.045045045,32.86036036,0.891891892,0.608108108,0.720720721,6790.954955,1857.914414,4288.378378,977.2657658,8717.085586,6820.297297,23608.95946,14587.54505,0,0,48.88288288
녹턴,S,1,2,0,0,39,2,0,3,8100,10028,845,1954,12798,10874,36844,19833,0,0,131
니코,S,2.142857143,1,0.214285714,0.142857143,29.28571429,1.142857143,0,1.714285714,8395.928571,1012.5,11374.64286,856.8571429,9246.714286,13027,38006.78571,16012.14286,0,0,31
다리우스,S,0,0,0,0,82,0,0,0,3643,2230,0,324,4250,2230,32792,5161,0,0,4
다이애나,S,#DIV/0!,20,0,0,0,0,0,0,1180,0,0,1063,1709,0,11525,1709,0,0,0
라이즈,S,7,1,2,0,138,1,0,3,7791,647,7248,990,3375,7895,82570,5613,0,0,8
라칸,S,3.238449491,0.296296296,0.177777778,0.055555556,30.96666667,0.844444444,0.085185185,0.627777778,7045.757407,1093.925926,4080.907407,2965.388889,8508.307407,5822.062963,18834.50741,13779.40185,0,0,23.23518519
람머스,S,1.863636364,0.545454545,0.181818182,0.090909091,30.09090909,0.818181818,29,1.181818182,6578.545455,1308.818182,5599,1442.272727,8166.181818,7421.363636,21830.72727,15177.90909,0,0,30.90909091
럭스,S,2.46486138,1.542307692,0.342307692,0.038461538,29.01538462,1.061538462,0,1.584615385,8159.976923,1017.723077,11680.00769,581.0384615,6457.130769,13386.99615,39353.93077,10940.90769,0,0,35.87307692
레오나,S,2.317465639,0.183823529,0.112132353,0.023897059,31.97610294,0.825367647,0.917279412,0.564338235,6641.060662,1769.920956,2666.053309,1192.586397,8914.205882,5058.742647,18759.82904,14876.6636,0,0,38.23345588
렐,S,2.794605809,0.234285714,0.142857143,0.028571429,30.86285714,0.942857143,1.137142857,0.76,7060.611429,985.7371429,5090.32,1686.52,8716.857143,6768.714286,21844.73143,14117.18857,0,0,35.36
루시안,S,0,0,0,0,14,0,0,0,959,654,0,191,673,682,4793,964,0,0,0
룰루,S,3.228716061,0.380855397,0.215885947,0.057026477,14.74949084,0.82688391,0,0.67413442,7017.985743,1011.334012,3926.98778,1194.723014,6248.207739,5391.606925,15042.81466,10862.43177,0,0,23.37270876
리 신,S,0.9,0,0,0,36,1,0,0,7287,5144,1238,2101,10281,6940,42842,30286,0,0,22
리븐,S,1.444444444,7,0.5,0,55,1,0,0,6648,5953,0,1617,7526.5,6075.5,45800,16086,0,0,14
리산드라,S,1.84375,1.25,0,0,34.5,1,0,0.5,7416.25,794,9028,862.75,8766.75,10611,38276.5,15257.5,0,0,43
릴리아,S,0.6,7,0,0,25,1,0,0,6368,608,6102,2837,11983,8332,44147,15953,0,0,17
마오카이,S,2.323923783,0.733905579,0.163090129,0.051502146,34.69957082,0.931330472,0.472103004,0.789699571,7146.197425,1502.454936,7410.472103,4208.866953,10897.56652,9586.429185,29049.01717,18318.82833,0,0,52.46351931
모르가나,S,2.460694698,0.694736842,0.252631579,0.052631579,17.83157895,0.936842105,0,0.821052632,7199.242105,854.3157895,6567.957895,1842.252632,7950.168421,7945.326316,19718.55789,13093.73684,0,0,44.11578947
미스 포츈,S,1.290322581,1,0,0,25.5,1.25,296.25,1,6719.75,7033.25,3972.25,270.5,6267.75,11456,32116.5,12396.5,0,0,12.25
바드,S,2.970917226,0.461538462,0.186813187,0.054945055,22.14285714,0.857142857,0.516483516,0.714285714,7081.692308,1803.846154,5311.934066,3834.626374,8368.901099,7646.758242,19801.61538,14548.74725,0,0,27.67032967
바이,S,1.1875,1.333333333,0,0,38.33333333,1,4.666666667,0,7302.333333,5854,673,978,13305.66667,7560.666667,27968,22404,0,0,21.33333333
베이가,S,2.32038835,0.705882353,0.176470588,0,33.94117647,0.882352941,0.117647059,1.470588235,7645.411765,961.2352941,6469.941176,1265.764706,7754.823529,7680.117647,24418.35294,14472.70588,0,0,30.70588235
베인,S,1,8,0,0,75,1,0,0,4196,1364,0,606,2734,1853,31142,3173,0,0,2
벡스,S,2.102739726,1.863636364,0.272727273,0.136363636,24.59090909,1.181818182,0,1.772727273,8446.636364,1491.318182,11478.77273,515.5454545,7522.454545,13983.68182,40083.18182,12876.18182,0,0,27
벨코즈,S,1.838709677,2.333333333,0,0.066666667,31,1,0,1.266666667,7630.066667,627.2,11287.06667,727.0666667,6485.866667,14994.06667,39005.6,11052.33333,0,0,18.66666667
브라움,S,2.851097179,0.300813008,0.081300813,0.032520325,31.40650407,0.74796748,0.292682927,0.390243902,6857.325203,1058.03252,4664.260163,1344.138211,9424.349593,6084.837398,19529.92683,15781.56098,0,0,30.12195122
브랜드,S,1.53125,2.875,0.125,0,28.25,1.125,0,1.75,8141.5,608.25,12950.875,1374.5,9780.75,14069.375,39417.25,15038.125,0,0,14.625
블리츠크랭크,S,2.514792899,0.396923077,0.193846154,0.024615385,30.36923077,0.898461538,0.283076923,0.775384615,7184.270769,2166.52,4580.538462,1124.563077,10014.55077,7611.255385,20908.46769,17023.54769,0,0,31.10461538
비에고,S,3,9,1,0,46,3,2,5,12729,12924,5486,3643,17645,19736,72838,28882,0,0,34
뽀삐,S,2.280991736,1.391304348,0.260869565,0.086956522,32.56521739,0.913043478,1.913043478,1.391304348,7091.434783,5827.478261,1031.782609,785.7391304,9066.608696,7527.956522,26249.52174,15070.52174,0,0,29.2173913
사이온,S,1.8,0,0,0,16,2,0,2,5439,4775,1655,144,6822,6466,15419,10162,0,0,20
사일러스,S,1.736363636,0.857142857,0.214285714,0,41.35714286,1.214285714,0,1.357142857,7888.714286,683.7857143,9456.5,3912.5,13722.28571,10941.71429,34390.42857,21546.42857,0,0,24.85714286
샤코,S,2.740740741,2.608695652,0.260869565,0.086956522,25.91304348,1.086956522,0,2.086956522,8600.173913,2264.347826,9892.956522,1313.043478,8624.521739,13045.73913,30012.82609,14830.86957,0,0,36.39130435
세나,S,2.229357798,2.405797101,0.608695652,0.101449275,23.39130435,1.086956522,348.1014493,1.231884058,8191.333333,11591.86957,280.2318841,6869.507246,8808.173913,12278.55072,35233.05797,14952.55072,0,0,24.27536232
세라핀,S,1.781512605,0.529411765,0.294117647,0.235294118,27.17647059,0.941176471,0,0.823529412,7432.705882,1562.588235,6896.705882,3428.705882,8615.058824,8649.470588,33389.58824,13319.52941,0,0,20.70588235
세주아니,S,2.928571429,0,0,0,38.33333333,0.666666667,0,0.666666667,6697.333333,3308.333333,2379,1752.333333,9986.666667,6391,24317.66667,13589.66667,0,0,24
세트,S,2.161512027,0.959183673,0.469387755,0.040816327,38.12244898,1.102040816,1,1.530612245,7293.836735,5809.816327,330.9183673,1285.367347,11532.08163,8825.040816,30924.77551,18754.65306,0,0,25.75510204
소나,S,2.488,0.086956522,0.217391304,0.043478261,17.39130435,0.826086957,0,0.826086957,7083.652174,1218.565217,5654.347826,9561.521739,6366.043478,7369.26087,16942.26087,12348.52174,0,0,9.086956522
소라카,S,2.955223881,0.034482759,0.275862069,0.068965517,13.55172414,0.586206897,0,0.344827586,6568.586207,785.2758621,4057.724138,14103.65517,6007.793103,4959.931034,14634.24138,10638.62069,0,0,29.62068966
쉔,S,2.590909091,2.258064516,0.161290323,0.064516129,37.80645161,0.903225806,2.838709677,0.967741935,7639.419355,3533.741935,2178.612903,1216.709677,10459.45161,6734.612903,24697.67742,17765.19355,0,0,27.58064516
스웨인,S,2.4375,1.428571429,0.428571429,0,32,1,0,1.285714286,8909,1245.142857,12863,5796.428571,13778.28571,15206,44413.57143,22631,0,0,40.71428571
시비르,S,#DIV/0!,0,0,0,0,0,0,0,669,0,0,0,0,0,0,0,0,0,0
신드라,S,2.227272727,2.875,0.5,0.125,34.125,0.875,0,1.625,7583.5,813.375,12215.25,840.625,7982.625,13547,45424.5,11849.5,0,0,27.375
신지드,S,1.125,0,0,0,37,1,0,0,6437,454,4227,411,6383,5069,19792,17028,0,0,27
쓰레쉬,S,2.671694556,0.18159204,0.116915423,0.026119403,30.94527363,0.800995025,0.172885572,0.491293532,6780.674129,921.8420398,3458.700249,1405.085821,8219.012438,4996.935323,18175.24254,14024.93657,0,0,26.34950249
아리,S,2.4,0,0.5,0,29.5,1,0,0,6682,1768,5325,772.5,7572.5,10273,33929,10547.5,0,0,28
아무무,S,2.053215078,0.555555556,0.158730159,0.047619048,33.41269841,0.984126984,2.126984127,1.015873016,7313.492063,986.8888889,5334.349206,848.5873016,9830.714286,7549.492063,23585.28571,16696.7619,0,0,35.77777778
아우렐리온 솔,S,6.333333333,0,0,1,26,2,0,4,7603,742,7648,661,3393,8983,23641,9193,0,0,23
아크샨,S,9,0,1,0,97,2,302,4,7233,6709,765,0,4765,7845,51486,6441,0,0,0
아펠리오스,S,0.142857143,1,0,0,64,0,274,0,4491,3823,302,446,4887,4125,36356,8416,0,0,12
알리스타,S,2.47595561,0.224489796,0.108843537,0.034013605,29.20408163,0.761904762,0.272108844,0.544217687,6635.945578,744.047619,4262.496599,5939.37415,10185.46259,5694.455782,18506.90476,17394.38095,0,0,37.95918367
애니,S,0.875,0,0,0,14,1,0,2,5494,694,4025,0,9506,5032,19088,11042,0,0,9
애니비아,S,1.581081081,0.9,0.6,0,30.6,1,0,1.1,8027.6,1135,10355.6,1295.2,10873.7,12081,31845.9,18997.2,0,0,35.5
애쉬,S,0.666666667,0,0,0,10,0,100,0,3949,4370,1699,0,5464,6069,16266,8393,0,0,27
야스오,S,0,0,0,0,80,0,0,0,3251,874,159,0,1735,1124,25774,2069,0,0,3
에코,S,1.255813953,0.666666667,0.5,0,48.5,1.166666667,0,1.166666667,6920.166667,1208.833333,6384.666667,2335.166667,9256.666667,8194.166667,41637.33333,16322,0,0,11.83333333
엘리스,S,1.076923077,4,0,0,39,1,0,0,8778,1186,8925,1485,15397,10592,32719,22507,0,0,31
오공,S,2.130434783,6.857142857,0.714285714,0.142857143,66.71428571,1.571428571,0,3.142857143,9466.714286,12020.85714,2039.571429,4698.714286,16078.28571,14868.85714,58295,23219.57143,0,0,9.714285714
요네,S,0.4,0,0,0,21.5,0.5,0,0,2370,1083.5,345,519.5,5048,1672,11917,7814.5,0,0,2
유미,S,3.850694444,0.407582938,0.161137441,0,5.601895735,0.867298578,0,0.848341232,6950.606635,973.5687204,6687.78673,9004.720379,4533.379147,8194.227488,13277.39336,7483.530806,0,0,14.62085308
이렐리아,S,#DIV/0!,0,0,0,17,1,0,0,1327,727,187,338,978,914,5141,1089,0,0,0
자르반 4세,S,3.056603774,0.625,0.375,0,23,0.875,0,0.625,8781.75,3836.25,4648.625,2776,10154.125,9436.625,27269,18686.125,0,0,13.75
자이라,S,2.706270627,1.684210526,0.49122807,0.070175439,29.50877193,1.087719298,0,1.403508772,8171.385965,1002.947368,13543.96491,1112.824561,6890.052632,15147.80702,43640.92982,11646.92982,0,0,33.38596491
자크,S,2.171974522,1.384615385,0.153846154,0,37.84615385,0.923076923,2.576923077,1.192307692,7469.038462,803.7692308,6862.269231,11535.19231,11692.80769,8659.115385,32382.69231,21813.92308,0,0,33.42307692
잔나,S,2.202380952,0.5,0.269230769,0.076923077,23.11538462,0.692307692,0,0.461538462,7178.346154,721.5769231,5338.884615,4365.884615,8332.115385,6524.769231,17758.53846,13569.61538,0,0,33.88461538
잭스,S,3,6,1,0,52.5,1,0,1,5098.5,2232.5,390.5,640,2830,2623.5,28183,4520.5,0,0,5
제라스,S,2.365415987,2.865384615,0.355769231,0.038461538,39.26923077,1.067307692,0,1.951923077,8897.057692,572.9807692,16477.125,838.7884615,7153.298077,17497.83654,56340.05769,12116.78846,0,0,23.875
제이스,S,0.588235294,1.333333333,0,0,87.33333333,1,0,0.666666667,5336,5162.666667,1053,473,5969,6447,45165,9425.666667,0,0,4.666666667
조이,S,3.3,5.666666667,1,0,41,0.666666667,133.6666667,2.666666667,7921.333333,1023.333333,10076.66667,681.3333333,4673.333333,13373.66667,41290.33333,7088.333333,0,0,27
진,S,#DIV/0!,0,0,0,0,0,0,0,1544,0,0,0,0,0,0,0,0,0,0
질리언,S,2.851851852,0.55,0.166666667,0.05,30.46666667,0.85,0,0.766666667,7178.5,1005.133333,4402.616667,4727.616667,8114.016667,5810.5,25836.68333,14568.23333,0,0,16.65
초가스,S,4.181818182,2.6,0.2,0,47.2,1,0,2.4,8130.6,879,9550.8,1648,8207.8,13648.2,44732.4,15498.6,0,0,72.4
카르마,S,2.767086928,0.731182796,0.35125448,0.053763441,18.7562724,0.967741935,0,0.956989247,7468.433692,915.0967742,7971.670251,1625.487455,7736.272401,9471.727599,25367.64875,13247.12903,0,0,20.91039427
카밀,S,1.666666667,2.666666667,0.333333333,0,40,0.666666667,0,0,6708,6577.666667,479.6666667,3785.333333,12209.33333,9198,27891,19638,0,0,13.33333333
카사딘,S,2.647058824,2,0.5,0,40.5,2,0,4,11015.5,1410,21836,656,13217.5,23870.5,54404.5,17852,0,0,17
카서스,S,1.25,4.333333333,0,0,24.33333333,1,0,0,6771,158.6666667,10371,31.66666667,6078.333333,10943.33333,39356.66667,11551.66667,0,0,11.66666667
케넨,S,3.25,0,0,0,13.5,0.5,0,0,3648,953.5,3258.5,31.5,2978.5,4227,9325,4997.5,0,0,13
코르키,S,1,6,0,0,104,1,0,0,6420,392,2800,343,5700,3294,72476,7242,0,0,0
클레드,S,2,1.333333333,0,0,45,1.333333333,0,0.666666667,6438.666667,4169,0,1086,11375,4229,31132.33333,17003,0,0,4
키아나,S,2,8,1,0,14,2,0,2,8555,10012,928,1638,7480,11628,35504,14589,0,0,10
타릭,S,2.752,0.8125,0.25,0.104166667,35.64583333,0.833333333,0.041666667,0.520833333,7204.104167,1492.854167,2711.645833,10116.20833,9885.729167,4753.083333,26539.8125,16732,0,0,21.5625
탈리야,S,2.286821705,3.142857143,0.095238095,0,22.14285714,1.19047619,0,2.428571429,7744.285714,792.5714286,10705.28571,923.9047619,7692.714286,12271.33333,32953.66667,12561.28571,0,0,14.9047619
탐 켄치,S,4.421052632,1.6,0.2,0.2,33.2,1,0,1.4,8099.2,1119.4,7444.6,7660.8,14606.8,8858.8,27494.2,22498.2,0,0,26.6
트런들,S,2.770961145,0.602040816,0.479591837,0.081632653,36.01020408,0.806122449,0.714285714,0.683673469,7064.357143,3400.479592,1402.836735,6540.020408,11992.9898,5431.071429,21771.60204,20021.96939,0,0,38.01020408
트위치,S,1.894736842,6.5,1.5,0.375,27,1.625,622.5,4,10423.25,13752.5,798.75,867.25,10557.25,16833.625,52319.375,18596.375,0,0,5.875
티모,S,0.75,0,0,0,22.5,1,0,0,6847.5,699,9737,1720.5,10575,11536,18480,15062,0,0,43.5
파이크,S,2.198934281,0.864864865,0.22007722,0.054054054,35.40540541,1.501930502,0,2.49034749,9762.505792,6485.810811,13.53667954,3163.513514,9088.926641,8414.783784,23102.13127,15987.09266,0,0,20.21235521
판테온,S,1.951612903,2.297297297,0.378378378,0,36.91891892,1.324324324,0,2.378378378,7952.486486,11240.43243,309,1156.72973,9795.324324,12469.27027,35641.45946,15838.48649,0,0,19.02702703
피들스틱,S,2.6,4.285714286,0.285714286,0,30.85714286,1.142857143,0,0.857142857,8898.857143,225.7142857,12115.14286,3674.142857,8347,12648.57143,40056.14286,15536.71429,0,0,61.28571429
하이머딩거,S,1.460714286,2.411764706,0.235294118,0.088235294,34.64705882,1.264705882,0,1.470588235,8835.735294,589.9117647,16822.73529,861.2647059,8514.411765,18106.14706,47506.17647,14476.5,0,0,19.52941176
가렌,T,1.736842105,9.222222222,1.555555556,0.111111111,157.4444444,1.222222222,359.8888889,2.222222222,9603.888889,8366,53.66666667,1707.444444,12981.77778,11378.77778,105444.8889,19218.33333,0,0,19.11111111
갈리오,T,3.055555556,3.5,0,0,139.25,1,0,0.5,8173.5,241.75,11062.5,1520.25,12422.25,11304.5,85313.5,16839.5,0,0,34.75
갱플랭크,T,2.332640333,8.666666667,1.537634409,0.096774194,178.1827957,1.365591398,778.4731183,2.537634409,12054.45161,13415.96774,3462.473118,5793.688172,13317.37634,19339.3871,150091.1828,21355.4086,0,0,9.311827957
그라가스,T,2.313653137,4.974576271,0.669491525,0.059322034,146.1694915,1.13559322,0.271186441,1.983050847,9271.644068,1627.101695,12882.24576,9083.228814,15168.02542,14649.70339,97196.04237,23724.64407,0,0,39.34745763
그레이브즈,T,1.721868365,17.90204082,1.420408163,0.163265306,178.677551,1.363265306,387.9918367,2.506122449,10976.05714,15918.69388,778.3102041,2486.82449,11894.04082,17044.8,144243.3633,19221.2449,0,0,13.60408163
그웬,T,1.526649746,11.06589147,1.697674419,0.197674419,163.0193798,1.333333333,9.279069767,2.313953488,10367.86434,3819.515504,8194.965116,3176.344961,14961.81783,16495.23643,113804.1202,23266.75194,0,0,5.023255814
나르,T,1.638977636,7.49122807,1,0.052631579,158.877193,1.122807018,16.10526316,1.859649123,9759.649123,13879.50877,2437.385965,2639.666667,13710.03509,16558.82456,113255.3684,22401.33333,0,0,24.36842105
나서스,T,2,6.526315789,1.315789474,0.315789474,138.7368421,1.368421053,0.157894737,2.263157895,9369.263158,8873.947368,3955.631579,1944.842105,13218.05263,12946.31579,99622.47368,22686.31579,0,0,13.47368421
노틸러스,T,1.454545455,7,1,0,101,1,2,0,8671,3279,11695,3440,20626,15044,77940,28132,0,0,71
녹턴,T,1.512820513,9,1.4,0.1,145.8,1.4,0,2.9,10843.4,14145,1721.9,6080.6,17527.6,16629.5,113795.9,27393.1,0,0,133.6
누누와 윌럼프,T,0,0,0,0,87,0,0,0,3954,662,4810,5743,6986,5624,41007,11606,0,0,12
니달리,T,1.714285714,1.5,1,0,126.5,1,0,3.5,8065.5,4522,4719.5,4603.5,9787.5,9831,66156.5,13247.5,0,0,0
니코,T,1.548387097,0,0.4,0.2,145.8,1.2,0,1.4,8761.2,1615.2,12383.4,1836.2,8747.2,14094,94062.8,19088.6,0,0,29.4
다리우스,T,1.989247312,8.237288136,1.423728814,0.118644068,151.0847458,1.440677966,2.779661017,3.203389831,9913.118644,10516.9661,50.22033898,3419.305085,11576.38983,12596.40678,99506.62712,19282.47458,0,0,16.25423729
드레이븐,T,1.068965517,10.25,1.375,0.125,171.125,1.375,693.125,1.625,11153.625,14252,140.125,892.25,12382.5,15221.5,124367.25,18027.875,0,0,6.5
라이즈,T,1.822695035,15.12,1.08,0.16,183.66,1.16,0,1.78,11120.58,873.52,14676.08,2377.94,12735.7,15820.24,150203.18,21118.74,0,0,21.82
라칸,T,3,0,0,0,25,0,0,0,3004,390,1046,535,1540,1788,7034,3333,0,0,4
람머스,T,0.833333333,0,0,0,33,0,0,0,3398,587,1749,0,7891,2337,11175,9899,0,0,18
럭스,T,1.75,4.666666667,0.333333333,0,126.3333333,1,0,1.333333333,7197.666667,1022.333333,8705.333333,12.66666667,3624,9993,69916,7863.333333,0,0,26.66666667
럼블,T,2.960629921,10.48148148,0.814814815,0.111111111,164.037037,1.444444444,0,3.62962963,11099.18519,729.6296296,17304.74074,1771.296296,11423.59259,18549.66667,120456.7778,18195.85185,0,0,12.7037037
레넥톤,T,1.980997625,8.13030303,1.190909091,0.106060606,165.4757576,1.187878788,0.445454545,2.254545455,10203.9303,12360.57879,1377.754545,6816.521212,17705.81515,13973.88182,116701.2697,28617.02424,0,0,17.54848485
레오나,T,4,0,0,0,11.33333333,0,0,0,2077.666667,516.3333333,243.3333333,143.3333333,1102,839.6666667,4835,2122.666667,0,0,7
렐,T,0,0,0,0,17.5,0,0,0,1833,169.5,536.5,38.5,1671.5,706.5,7350,2813,0,0,7.5
렝가,T,2.254464286,9.908045977,1.367816092,0.149425287,136.045977,1.356321839,271.8965517,3.126436782,10628.67816,13037.88506,1792.747126,5305.183908,13084.1954,15623.5977,98590.51724,21234.51724,0,0,11.43678161
루시안,T,1.438679245,14.42857143,1.428571429,0.178571429,173.4285714,1.285714286,448.25,2.571428571,11502.35714,14682,2226.142857,1345.392857,11991.82143,17507.60714,132797.1071,18249.96429,0,0,1.321428571
룰루,T,2.976190476,0,0.375,0,121.625,1,0,0.875,9025.125,2056.625,9937.625,2699.625,10858.5,12152.875,68596.875,18187.375,0,0,32.5
르블랑,T,3.461538462,2,1,0,125.25,1.5,0,2.5,8521.25,1542,9543.75,1657.25,6301.5,11590,62543.25,12038.25,0,0,14
리 신,T,1.747747748,8.529411765,1,0,150.1176471,1.294117647,0,2.352941176,10034.82353,11119.70588,3200.764706,2804.294118,15058.17647,14567.94118,107811.8235,25392.58824,0,0,17.64705882
리븐,T,2.289473684,12.11111111,1.238095238,0.111111111,160.3015873,1.396825397,0.031746032,2.761904762,10421.30159,12607.5873,31.95238095,2980.571429,13029.11111,13261.95238,113841.9206,20162.96825,0,0,22.01587302
리산드라,T,2.842105263,4.333333333,0.833333333,0.333333333,149.6666667,1.166666667,0,1.666666667,8536.833333,1501.833333,8914.5,1801.833333,7533.833333,10446.16667,95026.66667,11472.83333,0,0,26
릴리아,T,1.393939394,4.5,0.5,0,137.5,1,0,1.166666667,8024.5,888.1666667,8305.666667,4061.666667,11196.5,12202,97455,19254.5,0,0,16.66666667
마오카이,T,2.264840183,2.191489362,0.723404255,0.021276596,132.1489362,1.042553191,4.021276596,1.361702128,8366.510638,2486.340426,10991.46809,8424.106383,15313.70213,13564.74468,85170.17021,24914.85106,0,0,53.74468085
말자하,T,2.52,0,0.6,0.4,149.8,1,0,1.6,9597.6,903.8,15255.8,383,7559.2,16226.6,106463.2,12660.6,0,0,47.2
말파이트,T,2.017391304,3.235294118,0.367647059,0.073529412,127.3970588,1.029411765,2.985294118,1.720588235,8416.955882,2662.632353,9525.058824,1512.676471,9260.25,12269.85294,74932.86765,16551.72059,0,0,25.75
모데카이저,T,1.441048035,9.425,0.525,0.075,144.35,1.225,1.1,2.075,9562.55,2422.775,11673.3,4357,13961.975,14801.375,103566.125,22085.6,0,0,3.925
모르가나,T,2.482758621,0,1,0.25,74.5,0.75,0,1,7906.75,891.25,6313.75,3786.25,10261.75,7205.25,41956,17932.25,0,0,47.25
문도 박사,T,3.087719298,10.3125,1.625,0.125,163.625,1.1875,6,2.3125,10547.5625,6027.5625,12935.125,8923.1875,17514.75,19109.375,121550.5625,28966.8125,0,0,14.75
미스 포츈,T,5.8,16,1,0,196,3,844,8,16859,28597,2695,1006,11257,34046,165896,18446,0,0,12
바이,T,1.617021277,4.625,0.75,0.25,159.625,1,0.125,1.25,9813.25,12210,573,2203.25,13028.875,12965.375,106207.125,21219.625,0,0,26
베인,T,1.57260274,13.46296296,1.537037037,0.203703704,162.5740741,1.5,236.8888889,2.851851852,11436.33333,12970.7963,598.0185185,1306.722222,11674.14815,18850.77778,119817.963,18845.40741,0,0,7.981481481
벡스,T,2.214285714,0,0,0,167.3333333,1,0,2,9274.666667,1704,12055.66667,1951,8317,14312,102204.6667,13027,0,0,23.33333333
볼리베어,T,2.073170732,10.27777778,0.5,0,127,1.166666667,1.666666667,2.222222222,8568.333333,9516.055556,3752.222222,4162.166667,13387.55556,13601.5,88343.77778,21707.38889,0,0,21
브라움,T,#DIV/0!,0,0,0,1,0,0,0,835,144,132,75,505,313,798,599,0,0,2
블라디미르,T,2.37883959,5.970588235,1.073529412,0.073529412,160.7205882,1.397058824,0,3.102941176,10055,1067.470588,15418.52941,17295.22059,14751.83824,17261.61765,112311.1029,21951.01471,0,0,3.382352941
블리츠크랭크,T,#DIV/0!,0,0,0,3,0,0,0,796,97,73,0,306,171,1035,306,0,0,1
비에고,T,1.738095238,8.428571429,0.857142857,0.071428571,142.2857143,1.214285714,213.1428571,2,9662.928571,13144.78571,1417.785714,4832.571429,14697.57143,15181.92857,100960.0714,22562.5,0,0,11.64285714
빅토르,T,1.88590604,8.303797468,1.126582278,0.088607595,169.2025316,1.316455696,0,2.556962025,11105.12658,904.5189873,18559.12658,1854.329114,10121.68354,20216.70886,125557.3038,16342.37975,0,0,17.93670886
뽀삐,T,2.201892744,4.901408451,0.788732394,0.098591549,136.4788732,1.154929577,3.943661972,2.112676056,9217.647887,11107.74648,3471.605634,4435.070423,12638.12676,14815.38028,93460.49296,21133.23944,0,0,28.14084507
사미라,T,1.454545455,4,0,0,120.5,2,366,1.5,8177,8115.5,1236.5,341,8709.5,9435.5,62299.5,13400.5,0,0,1.5
사이온,T,2.076923077,3.46875,1.09375,0.09375,150.15625,1.0625,2.28125,1.625,9306.4375,8408.25,3744.03125,1920.09375,14984.6875,12301.09375,99554.875,26927.21875,0,0,35.96875
사일러스,T,1.756007394,7,0.845238095,0.095238095,136.5119048,1.369047619,23.63095238,2.345238095,9647.285714,696.2738095,15265.55952,5674.75,14562.69048,16176.27381,95664.60714,24114.35714,0,0,21.98809524
샤코,T,1.692307692,18.5,0.5,0.5,103.5,1,0,1,9679.5,2250,16844.5,4913,15647.5,19976.5,85358,23988,0,0,37
세나,T,0.333333333,0,0,0,6,0,140,0,2752,2231,0,1260,3113,2231,7558,4922,0,0,7
세라핀,T,#DIV/0!,0,2,0,117,1,0,8,8866,1604,8092,3726,3789,9697,67024,5778,0,0,20
세주아니,T,2.262295082,5.642857143,0.714285714,0,163.0714286,1,1.142857143,2,9421.642857,6809.357143,5788.142857,1369.071429,12220.5,13552.21429,111710.5,20885.28571,0,0,26.71428571
세트,T,1.614008942,5.579831933,1.420168067,0.142857143,143.9159664,1.18487395,9.831932773,2.016806723,9538,12106.7479,125.697479,2658.806723,14547.57143,14569.07563,99228.2521,23693.51261,0,0,21.05042017
소라카,T,1.333333333,0,0,0,113,0,0,0,5165,565,2904,3355,3592,3775,47324,7065,0,0,15
쉔,T,2.65,4.565217391,0.413043478,0.02173913,117.1086957,1.065217391,2.847826087,1.565217391,8332.608696,5345.978261,5699.304348,1502.956522,11938.52174,11362.21739,64718.32609,19110.54348,0,0,25.69565217
쉬바나,T,3.8,14,2,0,170,2.5,13.5,3.5,15557.5,6560.5,15740.5,3730.5,18941,24391,160522.5,37844,0,0,5
스웨인,T,2,2.5,1,0,136.5,1,0,3.5,8307.5,2491.5,14582,4626,8793,18247.5,92079.5,19219.5,0,0,35
스카너,T,2.275362319,2.1875,0.3125,0,143.25,1,1.125,1.25,8524,4077.5,3720.3125,1043.25,10673.0625,7971.1875,70833.625,17176.375,0,0,48
신 짜오,T,1.103448276,6,1,0.2,132,1.2,201,1.4,8224.2,9535.2,870.4,4438.2,11937,10764.4,80226.2,17296.2,0,0,13.6
신드라,T,1.726027397,6.857142857,0.571428571,0.071428571,136,1.285714286,0,1.785714286,8301.571429,1017.928571,12895.78571,1393,7877.285714,14024,95283.14286,12370.07143,0,0,22
신지드,T,1.98630137,2.4,0.6,0,151.9,1.1,0,1.1,9783.8,798.4,13034.7,2708.1,15810.7,14229.3,99972.4,26072.6,0,0,38.4
쓰레쉬,T,1,0,0,0,7.5,0,0,0,1566,293.5,627,211.5,1266,1059.5,5610.5,1914,0,0,5.5
아리,T,19,19,0,0,237,2,0,11,16499,2133,20535,9324,16623,29349,196399,23493,0,0,26
아무무,T,1.444444444,8,0,0,136,1,0,3,10233,2157,11354,1932,13602,14037,106523,27405,0,0,56
아지르,T,1.066666667,3.166666667,1.166666667,0.166666667,126.5,0.833333333,0,1.333333333,7600.5,581,10548.66667,588.1666667,6486.833333,11471.33333,75021,11654.33333,0,0,8.166666667
아칼리,T,2.066914498,4.680412371,0.690721649,0.06185567,160.3092784,1.628865979,0,3.402061856,10564.18557,1271.381443,15737.58763,1640.608247,14332.80412,18258.24742,109317.2062,22644.43299,0,0,1.701030928
아크샨,T,1.61682243,5.743589744,1.153846154,0.076923077,141.8461538,1.230769231,375.0512821,2.897435897,9417.333333,11830.94872,2005.128205,337.5128205,9489.538462,14229.51282,96094.76923,14375.10256,0,0,0.641025641
아트록스,T,1.917249417,10.29559748,0.842767296,0.100628931,145.2830189,1.232704403,0.503144654,2.459119497,9624,14744.95597,81.77358491,9389.559748,16086.52201,15022.7673,100210.4277,27608.15723,0,0,18.10691824
아펠리오스,T,0.714285714,19,2.333333333,0.333333333,171.3333333,0.666666667,1119.666667,2,9963.666667,12619,709.6666667,1347.333333,10447,13472.33333,125362.6667,17020,0,0,14.33333333
애니비아,T,2.84375,10.8,1.8,0.2,151.2,2,0,3.8,12217.8,1302,16579.4,2718,14886.2,18152,123887,23205,0,0,43.6
야스오,T,1.529085873,13.31147541,1.442622951,0.180327869,168.9672131,1.344262295,568.295082,2.606557377,10474.19672,11407.67213,1060.163934,1288.327869,10859.80328,12773.86885,135978.459,16858.29508,0,0,15.95081967
에코,T,2.058823529,16,2,0.666666667,219.3333333,2,0,3,14307,3069.666667,20929.66667,8438.666667,19283.66667,24865,189690,30041,0,0,21.66666667
오공,T,2.095671982,6.952941176,1.376470588,0.141176471,151.0588235,1.317647059,17.49411765,2.494117647,10211.62353,10952.2,2327.070588,4544.105882,13747.8,13658.97647,92236.81176,22894,0,0,9.564705882
오른,T,2.075949367,2.030769231,0.476923077,0.030769231,139.5846154,0.969230769,1.4,1.046153846,8446.846154,4455.215385,7027.384615,1539.246154,12496.78462,11660.58462,84666.87692,20968.73846,0,0,34.44615385
오리아나,T,1.636363636,4,0.75,0,161.75,1.25,0,1.75,8817.25,1203.75,10751.5,2223.25,9417.75,12123,99965.25,13657.25,0,0,15.75
올라프,T,1.178571429,15.66666667,1.666666667,0,167.3333333,1.333333333,0,2,12108,12189.66667,148,8392,19931.66667,16445.66667,146786.3333,37823.33333,0,0,17
요네,T,1.504844961,13.77710843,1.373493976,0.15060241,165.3795181,1.277108434,542.1144578,2.469879518,10528.13855,10670.13253,3178.843373,1323.76506,12182.28313,15816.40964,133546.0904,19196.54819,0,0,16.64457831
요릭,T,2.068965517,11.14285714,2.857142857,0.428571429,224,1.428571429,0.285714286,3.285714286,13140.28571,12585.85714,7302.714286,5417.285714,14815.28571,20387.42857,175751.8571,27308.71429,0,0,9.428571429
우르곳,T,2.093959732,11.37037037,2.296296296,0.37037037,168.1851852,1.444444444,0.148148148,3.592592593,11846.92593,16202,154.8148148,2747.777778,13756.07407,17326.07407,133091.7407,22129.37037,0,0,20.2962963
워윅,T,6.571428571,8,1.666666667,0.333333333,140,1.333333333,0,5,10410.66667,7455.333333,9953,16067.66667,18399.66667,17463,89774.66667,27236.66667,0,0,18
이렐리아,T,1.474741988,9.932835821,1.53358209,0.108208955,184.4477612,1.414179104,170.1380597,2.529850746,11095.61567,11191.36567,4215.671642,3446,15737.37313,15629.35075,132103.903,24542.24627,0,0,10.98134328
이즈리얼,T,2.428571429,0,0,0,120,1,0,3,7930,11451,2826,353,5485,14868.5,67805.5,10571,0,0,0
일라오이,T,1.53125,2.285714286,1.428571429,0.142857143,180.7142857,1.285714286,0,1.714285714,10286.28571,16322.57143,509.8571429,6583.142857,13760.28571,17051,137254.8571,22536.71429,0,0,3.428571429
자르반 4세,T,2.975609756,7.555555556,1.888888889,0.222222222,173.5555556,1.222222222,0.222222222,2.666666667,11139.77778,11233.66667,2955.666667,3403,14182.33333,14251,111749.5556,23898.55556,0,0,16.66666667
자야,T,1.25,5.571428571,0.857142857,0.285714286,129.4285714,0.857142857,0,2,7291.285714,8754.142857,224.2857143,300.1428571,6252.428571,9022.142857,74500.85714,10156.71429,0,0,7.714285714
자이라,T,1.714285714,5,0.5,0,108.5,1.5,0,1,7365.5,862.5,7977.5,1342.5,6032,9136.5,61756,9666,0,0,15.5
자크,T,3.790697674,4,0.785714286,0.071428571,146.2857143,1.142857143,1.642857143,2.571428571,9618.071429,1695.571429,11640,21943.92857,15165.64286,13569.28571,95314,25240.07143,0,0,36.42857143
잭스,T,1.770661157,13.83988764,1.814606742,0.188202247,163.1264045,1.415730337,7.061797753,2.786516854,10988.81461,11219.96348,4132.918539,4406.691011,13925.7191,15679.13483,121857.4129,22688.44101,0,0,14.50842697
제드,T,1.133333333,0.8,0.2,0,132.8,1.2,0,1,7684.2,10202.4,590.6,807.4,7071,11362,72880.8,13245.4,0,0,3.4
제라스,T,0,0,0,0,112,0,0,0,4328,352,790,666,5294,1188,50641,6350,0,0,8
제이스,T,1.644059153,12.87583893,1.706375839,0.189597315,168.4144295,1.342281879,5.211409396,2.510067114,11348.30201,15725.06376,2759.733221,1168.808725,10635.64262,19077.56544,129931.5705,17053.30705,0,0,7.541946309
조이,T,2.366666667,10.4,0.6,0.2,145.2,1.2,97.2,4,10573,1555.4,15554,2052.2,7604.6,20096.8,98639,16035.2,0,0,32.4
직스,T,2.636363636,4.666666667,3,0.666666667,128,1.333333333,0,3,8704.333333,878.3333333,12235.33333,554.3333333,7237.333333,13114,89648.66667,9202,0,0,11.66666667
질리언,T,3.333333333,0,0.75,0,80.5,0.75,0,1.75,5076.75,1254.75,3493.75,1684.5,4404.25,4770,47496.25,6158.5,0,0,9.5
징크스,T,0.6,0,0,0,37,1,0,0,3251,1115,49,0,4292,1165,17610,5304,0,0,1
초가스,T,2.954545455,9,0.785714286,0.107142857,143.3571429,1.25,0.071428571,3.321428571,9663,1397.714286,10589.96429,5561.75,12393.14286,15035.92857,103803.2857,21860.28571,0,0,58.25
카르마,T,2.826666667,2.5,1,0.071428571,139.6428571,1.285714286,0.142857143,2.285714286,10187.21429,2495.714286,13641.92857,4545.642857,12479.42857,16430.07143,99789.21429,18843.85714,0,0,32.85714286
카밀,T,2.031270792,6.183486239,1.229357798,0.15412844,142.5651376,1.280733945,0.700917431,2.867889908,9968.056881,9906.055046,976.0550459,4361.53945,14300.61651,15601.22936,92511.6422,23593.81101,0,0,16.89357798
카사딘,T,1.276315789,4.785714286,0.642857143,0.071428571,125.9285714,0.857142857,0,1.428571429,8022.642857,1494.857143,9804,1990.642857,11860,11501.28571,78780.5,17673.21429,0,0,15.42857143
카시오페아,T,1.923076923,16.14285714,1.178571429,0.107142857,170.6785714,1.392857143,0,2.678571429,10703.17857,549.5357143,15759.46429,4319.214286,12001.75,16451.46429,118199.25,18523.78571,0,0,18.89285714
카이사,T,1,9,0,0,84,0,0,0,5064,2170,799,461,2578,2969,38705,7863,0,0,0
카타리나,T,2.857142857,4,1,0,212,2,0,2,15476,403,20789,746,14469,23669,159437,26255,0,0,2
칼리스타,T,1.285714286,19.25,2.25,0.5,156,1.5,262.5,2.25,10679.75,13362.75,251.5,1573.75,14149.5,13823.75,122699,20580.75,0,0,8.25
케넨,T,1.83703137,5.58974359,1.098290598,0.123931624,163.4188034,1.367521368,1.307692308,2.448717949,10381.19658,2341.952991,14419.92308,1522.837607,11155.42308,17102.81197,103236.5726,17717.33761,0,0,18.36324786
케인,T,1.928571429,12.33333333,1,0,152.3333333,1.333333333,0,1.666666667,8830.333333,11027.66667,23.33333333,4760.333333,13319.66667,11500.33333,111317.6667,20053,0,0,16.66666667
케일,T,1.409090909,16.57142857,1.428571429,0.142857143,155,1.285714286,233.8571429,1.714285714,10044.71429,4898.285714,5642.857143,3286.857143,10863.14286,11049.14286,110640.4286,17116.57143,0,0,6.142857143
퀸,T,1.592592593,18.16,1.48,0.2,172.08,1.2,584.44,2.12,10897.84,13177.28,726.76,705.4,9983.12,14873.24,123797.4,16211.32,0,0,20.76
클레드,T,1.990384615,5.459459459,1.567567568,0.054054054,140.1621622,1.324324324,0,2.459459459,9858.783784,12714.05405,846.0810811,2577.216216,17310.32432,13810.89189,93369.81081,28305.45946,0,0,8.864864865
키아나,T,1.832,9.473684211,0.578947368,0,127,1.736842105,0,3.368421053,10064.57895,17022.21053,1418.789474,804.4210526,10637.42105,19053.84211,97620.47368,17360.31579,0,0,14.89473684
킨드레드,T,2.236842105,9.875,2.125,0.625,140.75,1.125,318.125,2.375,9247,10927.875,2271.5,3655.625,9287.5,13943.75,100954.875,14800.875,0,0,1.375
타릭,T,0.4,0,0,0,78,1,0,0,5118.5,2299,3224,4075.5,6434,5548.5,39264,14821.5,0,0,16
탈론,T,2.666666667,17.5,1,0.5,99.5,1,291.5,2,8149.5,12364,0,3628.5,12186,13249,89499,19704,0,0,3.5
탐 켄치,T,2.458483755,3.172413793,0.568965517,0.034482759,120.1206897,1.206896552,3.810344828,1.775862069,8710.706897,2450.724138,10045.39655,7083.482759,15530.51724,12682.36207,66403.65517,25285.68966,0,0,27.89655172
트런들,T,2.206349206,6.277777778,2.277777778,0.277777778,145,1.055555556,158.0555556,2.722222222,9514.222222,8856.611111,1426.444444,5956.166667,12635.94444,10620.77778,91969.66667,18485.61111,0,0,14.05555556
트리스타나,T,0.666666667,9,0.5,0,143,0.75,243.5,0,7810.75,7634,1067.75,1611.25,9148.25,10078,99899.75,13674,0,0,1.75
트린다미어,T,1.977900552,14.69852941,2.117647059,0.183823529,166.4485294,1.485294118,697.8897059,3.183823529,11371.13235,14256.34559,573.0882353,7841.713235,17754.06618,15399.21324,136388.4559,26323.60294,0,0,8.463235294
트위스티드 페이트,T,1.571428571,1.5,0.75,0,139.5,0.75,94.25,1.75,9563.5,1434,9304.75,2879.75,7170.5,11292.75,96956,17890,0,0,27.25
티모,T,1.731578947,8.361111111,1.833333333,0.138888889,159.4166667,1.25,0,2.472222222,10239.97222,2926.333333,12880.02778,1012.888889,10850.25,17365.69444,109820.5,17233.13889,0,0,24.75
파이크,T,1.75,2.666666667,0,0,58.66666667,1.333333333,0,3,10979.33333,9612.333333,0,2998,12944,11467.66667,31725.66667,19804,0,0,21.33333333
판테온,T,1.757009346,1.928571429,0.785714286,0.071428571,118.7142857,1.5,0,3.642857143,10472.92857,18459.71429,841.9285714,2906.142857,12410.57143,20425.07143,91294.5,21675.57143,0,0,21.14285714
피오라,T,1.903846154,7.556650246,1.995073892,0.187192118,158.3152709,1.300492611,528.1083744,2.852216749,10588.94581,11113.56158,1106.832512,7304.349754,16839.0936,16785.65517,106339.2365,25541.10837,0,0,8
피즈,T,0.903225806,4,0,0.333333333,141.6666667,1,0,0.666666667,8844.666667,3437,10525.66667,1232,13539.33333,14965.66667,84759,24518.33333,0,0,11.33333333
하이머딩거,T,1.9375,5.76,1.92,0.38,161.46,1.34,0,2.02,11218.68,1172.86,21856.02,1023.58,9632.56,23591.7,127902.48,15267.3,0,0,19.44
헤카림,T,2.096774194,6.833333333,0.666666667,0,141.6666667,1.166666667,0,2.5,9175.666667,9468,1984.166667,7969,13084,12026.66667,88789.66667,23980.5,0,0,13.66666667
